-- phpMyAdmin SQL Dump
-- version 4.9.0.1
-- https://www.phpmyadmin.net/
--
-- Host: localhost:3306
-- Generation Time: Mar 22, 2020 at 03:23 PM
-- Server version: 10.3.22-MariaDB-cll-lve
-- PHP Version: 7.3.6

SET SQL_MODE = "NO_AUTO_VALUE_ON_ZERO";
SET AUTOCOMMIT = 0;
START TRANSACTION;
SET time_zone = "+00:00";


/*!40101 SET @OLD_CHARACTER_SET_CLIENT=@@CHARACTER_SET_CLIENT */;
/*!40101 SET @OLD_CHARACTER_SET_RESULTS=@@CHARACTER_SET_RESULTS */;
/*!40101 SET @OLD_COLLATION_CONNECTION=@@COLLATION_CONNECTION */;
/*!40101 SET NAMES utf8mb4 */;

--
-- Database: `bbmakmur_kadungora`
--

-- --------------------------------------------------------

--
-- Table structure for table `detail_biaya`
--

CREATE TABLE `detail_biaya` (
  `id` int(11) NOT NULL,
  `nomor_referensi` varchar(255) NOT NULL,
  `kategori_biaya` int(11) NOT NULL,
  `keterangan` varchar(512) NOT NULL,
  `total` double NOT NULL,
  `status` int(11) NOT NULL,
  `user` varchar(255) NOT NULL,
  `tanggal` datetime NOT NULL
) ENGINE=InnoDB DEFAULT CHARSET=latin1;

--
-- Dumping data for table `detail_biaya`
--

INSERT INTO `detail_biaya` (`id`, `nomor_referensi`, `kategori_biaya`, `keterangan`, `total`, `status`, `user`, `tanggal`) VALUES
(18, 'REF8516234', 1, 'bikin laci uang dan rak cpu', 43000, 0, 'a.yodi', '2020-03-12 17:19:31'),
(19, 'REF0937186', 1, 'portal a agus jl.baru', 3000, 0, 'a.yodi', '2020-03-13 11:23:04'),
(20, 'REF9542071', 1, 'isi solar L300 Z8692DO', 102640, 0, 'a.yodi', '2020-03-13 15:59:27'),
(21, 'REF9165482', 1, 'konsumsi (kopi dan mie)', 145101, 0, 'a.yodi', '2020-03-13 16:01:37'),
(23, 'REF2438516', 1, 'isi solar L 300 Z 869 2DO', 102640, 0, 'a.yodi', '2020-03-13 16:16:25'),
(24, 'REF2514063', 2, 'solar mobil', 102640, 0, 'a.yodi', '2020-03-13 16:17:45'),
(26, 'REF2514063', 1, 'beli mie instan dan kopi', 145000, 0, 'a.yodi', '2020-03-13 16:18:34'),
(27, 'REF0673219', 1, 'KONSUMSI ( KOPI DAN MIE INSTAN )', 145101, 0, 'a.yodi', '2020-03-13 16:20:04'),
(28, 'REF2386940', 2, 'portal 2 DO ', 5000, 0, 'a.yodi', '2020-03-14 11:22:52'),
(29, 'REF1375460', 1, 'pulsa toko  sim 1', 26500, 0, 'a.yodi', '2020-03-14 11:24:42'),
(30, 'REF6579204', 1, 'uang ganti brobat a agus ( sakit )', 50000, 0, 'a.yodi', '2020-03-14 13:05:04'),
(31, 'REF3728650', 2, 'isi bensin motor pentaris', 25000, 0, 'A.YODI', '2020-03-15 11:50:50'),
(32, 'REF7049621', 1, 'ganti oli L300', 235000, 0, 'A.YODI', '2020-03-15 11:51:47'),
(33, 'REF7940153', 2, 'portal', 2000, 0, 'A.YODI', '2020-03-15 11:53:38'),
(34, 'REF3508162', 1, 'beli plastik dan kendi (untuk talang air di depan)', 20000, 0, 'A.YODI', '2020-03-15 11:55:24'),
(35, 'REF8316425', 2, 'PORTAL WARUNG BU ADE', 2000, 0, 'A.YODI', '2020-03-16 08:10:19'),
(36, 'REF6230479', 2, 'PORTAL A AGUS ( KADUNGORA)', 2000, 0, 'A.YODI', '2020-03-16 13:39:00'),
(37, 'REF6401358', 2, 'PORTAL A AGUS (JL.BARU)', 3000, 0, 'A.YODI', '2020-03-16 13:40:19'),
(38, 'REF3962074', 1, 'BELI KURSI UNTUK DI KANTOR', 35000, 0, 'A.YODI', '2020-03-16 13:41:45'),
(39, 'REF4298657', 1, 'beli kursi untuk kantor', 35000, 0, 'a.yodi', '2020-03-16 15:08:54'),
(40, 'REF1695407', 2, 'PORTAL A AGUS JL.BARU (DEPOT DEPAN TOWER)', 3000, 0, 'A.YODI', '2020-03-17 07:57:20'),
(41, 'REF9532670', 1, 'BELI PLASTIK UNTUK SKRUP', 8500, 0, 'A.YODI', '2020-03-17 14:31:00'),
(42, 'REF9825306', 2, 'portal a agus (kp.rujuk girang)', 3000, 0, 'a.yodi', '2020-03-18 15:05:29'),
(43, 'REF8165724', 1, 'beli map dan pulpen @ 2 pcs', 12000, 0, 'a.yodi', '2020-03-18 15:06:44'),
(44, 'REF3912476', 2, 'isi bensin motor pentaris', 22000, 0, 'a.yodi', '2020-03-21 13:05:43'),
(45, 'REF6913850', 2, 'sisa gaji tanggal 20.03.2020 belum di bayar', 11000, 0, 'a.yodi', '2020-03-21 13:14:05'),
(46, 'REF0582963', 1, 'KONSUMSI KOPI', 43000, 0, 'A.YODI', '2020-03-22 09:52:37'),
(47, 'REF7628345', 2, 'PORTAL A AGIS JL.BARU', 2000, 0, 'A.YODI', '2020-03-22 09:54:59'),
(48, 'REF9061432', 2, 'portal a agus (cihuni)', 3000, 0, 'a.yodi', '2020-03-22 11:03:24'),
(49, 'REF0685391', 2, 'portal a agus (jl.cijapati)', 4000, 0, 'a.yodi', '2020-03-22 11:19:56');

-- --------------------------------------------------------

--
-- Table structure for table `detail_coh`
--

CREATE TABLE `detail_coh` (
  `id` int(11) NOT NULL,
  `nomor_referensi` varchar(255) NOT NULL,
  `saldo` double NOT NULL,
  `nominal` double NOT NULL,
  `jenis` int(1) NOT NULL,
  `keterangan` text NOT NULL,
  `tanggal_input` datetime NOT NULL
) ENGINE=InnoDB DEFAULT CHARSET=latin1;

--
-- Dumping data for table `detail_coh`
--

INSERT INTO `detail_coh` (`id`, `nomor_referensi`, `saldo`, `nominal`, `jenis`, `keterangan`, `tanggal_input`) VALUES
(4, '1', 2000000, 2000000, 1, 'Saldo Awal Penarikan', '2020-03-09 12:13:25'),
(7, '1', 5000000, 3000000, 2, 'Penambahan dana', '2020-03-09 15:41:01'),
(8, '1', 1000000, 4000000, 4, 'Penyetoran dana', '2020-03-09 15:59:32'),
(9, '1', 0, 1000000, 4, 'Penyetoran dana', '2020-03-10 16:26:45'),
(11, '2', 10000000, 10000000, 1, 'Saldo Awal Penarikan', '2020-03-10 15:43:19'),
(12, '2', 2197518, 7802482, 4, 'Penyetoran dana', '2020-03-10 16:11:18'),
(13, '2', 0, 2197518, 4, 'Penyetoran dana', '2020-03-13 05:47:17'),
(17, '3', 10000000, 10000000, 1, 'Saldo Awal Penarikan', '2020-03-13 11:24:20'),
(18, '3', 5000000, 5000000, 4, 'Penyetoran dana', '2020-03-13 11:26:17'),
(22, '4', 200000, 200000, 1, 'Saldo Awal Penarikan', '2020-03-13 12:18:18'),
(23, '3', 4800000, 200000, 3, 'Penarikan dana Oleh LUCKY ANGGARA', '2020-03-13 12:18:18'),
(24, '4', 1000000, 800000, 2, 'Penambahan dana', '2020-03-13 12:31:45'),
(25, '3', 4000000, 800000, 3, 'Penarikan dana Oleh LUCKY ANGGARA', '2020-03-13 12:31:45'),
(26, '4', 5000000, 4000000, 2, 'Penambahan dana', '2020-03-13 12:35:20'),
(27, '3', 0, 4000000, 3, 'Penarikan dana Oleh LUCKY ANGGARA', '2020-03-13 12:35:20');

-- --------------------------------------------------------

--
-- Table structure for table `detail_detail_stok_opname`
--

CREATE TABLE `detail_detail_stok_opname` (
  `id` int(11) NOT NULL,
  `id_detail_stok_opname` int(10) NOT NULL,
  `qty` double NOT NULL,
  `keterangan` varchar(512) NOT NULL
) ENGINE=InnoDB DEFAULT CHARSET=latin1;

--
-- Dumping data for table `detail_detail_stok_opname`
--

INSERT INTO `detail_detail_stok_opname` (`id`, `id_detail_stok_opname`, `qty`, `keterangan`) VALUES
(1, 403, 0, '1000'),
(2, 403, 0, '');

-- --------------------------------------------------------

--
-- Table structure for table `detail_gaji`
--

CREATE TABLE `detail_gaji` (
  `id` int(11) NOT NULL,
  `nomor_referensi` varchar(255) NOT NULL,
  `nip` varchar(255) NOT NULL,
  `tanggal_pembayaran` datetime NOT NULL,
  `gaji_pokok` double NOT NULL,
  `uang_makan` double NOT NULL,
  `bonus` double NOT NULL,
  `total` double NOT NULL,
  `status` int(1) NOT NULL,
  `user` varchar(255) NOT NULL
) ENGINE=InnoDB DEFAULT CHARSET=latin1;

--
-- Dumping data for table `detail_gaji`
--

INSERT INTO `detail_gaji` (`id`, `nomor_referensi`, `nip`, `tanggal_pembayaran`, `gaji_pokok`, `uang_makan`, `bonus`, `total`, `status`, `user`) VALUES
(9, 'REF4209531', '1', '0000-00-00 00:00:00', 50000, 10000, 0, 60000, 0, 'a.yodi'),
(10, 'REF4209531', '001', '2020-03-12 17:17:53', 50000, 10000, 0, 60000, 2, 'a.yodi'),
(11, 'REF4209531', '002', '0000-00-00 00:00:00', 50000, 10000, 0, 60000, 0, 'a.yodi'),
(12, 'REF4209531', '003', '2020-03-12 17:17:53', 50000, 10000, 0, 60000, 2, 'a.yodi'),
(13, 'REF4209531', '004', '2020-03-12 17:17:53', 40000, 10000, 0, 50000, 2, 'a.yodi'),
(14, 'REF2089543', '1', '0000-00-00 00:00:00', 50000, 10000, 0, 60000, 0, 'a.yodi'),
(15, 'REF2089543', '001', '2020-03-12 17:23:15', 50000, 10000, 0, 60000, 2, 'a.yodi'),
(16, 'REF2089543', '002', '0000-00-00 00:00:00', 50000, 10000, 0, 60000, 0, 'a.yodi'),
(17, 'REF2089543', '003', '2020-03-12 17:23:15', 50000, 10000, 0, 60000, 2, 'a.yodi'),
(18, 'REF2089543', '004', '2020-03-12 17:23:15', 40000, 10000, 0, 50000, 2, 'a.yodi'),
(19, 'REF8325091', '1', '0000-00-00 00:00:00', 50000, 10000, 0, 60000, 0, 'a.yodi'),
(20, 'REF8325091', '001', '2020-03-13 11:18:43', 50000, 10000, 0, 60000, 2, 'a.yodi'),
(21, 'REF8325091', '002', '0000-00-00 00:00:00', 50000, 10000, 0, 60000, 0, 'a.yodi'),
(22, 'REF8325091', '003', '2020-03-13 11:18:43', 50000, 10000, 0, 60000, 2, 'a.yodi'),
(23, 'REF8325091', '004', '2020-03-13 11:18:43', 40000, 10000, 0, 50000, 2, 'a.yodi'),
(24, 'REF8901462', '1', '0000-00-00 00:00:00', 50000, 10000, 0, 60000, 0, 'a.yodi'),
(25, 'REF8901462', '001', '2020-03-13 16:07:23', 50000, 10000, 0, 60000, 2, 'a.yodi'),
(26, 'REF8901462', '002', '0000-00-00 00:00:00', 50000, 10000, 0, 60000, 0, 'a.yodi'),
(27, 'REF8901462', '003', '2020-03-13 16:07:23', 50000, 10000, 0, 60000, 2, 'a.yodi'),
(28, 'REF8901462', '004', '2020-03-13 16:07:23', 40000, 10000, 0, 50000, 2, 'a.yodi'),
(29, 'REF0371286', '1', '0000-00-00 00:00:00', 50000, 10000, 0, 60000, 0, 'a.yodi'),
(30, 'REF0371286', '001', '0000-00-00 00:00:00', 50000, 10000, 0, 60000, 0, 'a.yodi'),
(31, 'REF0371286', '002', '0000-00-00 00:00:00', 50000, 10000, 0, 60000, 0, 'a.yodi'),
(32, 'REF0371286', '003', '0000-00-00 00:00:00', 50000, 10000, 0, 60000, 0, 'a.yodi'),
(33, 'REF0371286', '004', '0000-00-00 00:00:00', 40000, 10000, 0, 50000, 0, 'a.yodi'),
(34, 'REF7948065', '1', '0000-00-00 00:00:00', 50000, 10000, 0, 60000, 0, 'a.yodi'),
(35, 'REF7948065', '001', '2020-03-14 11:21:13', 50000, 10000, 0, 60000, 2, 'a.yodi'),
(36, 'REF7948065', '002', '0000-00-00 00:00:00', 50000, 10000, 0, 60000, 0, 'a.yodi'),
(37, 'REF7948065', '003', '2020-03-14 11:21:13', 50000, 10000, 0, 60000, 2, 'a.yodi'),
(38, 'REF7948065', '004', '0000-00-00 00:00:00', 40000, 10000, 0, 50000, 0, 'a.yodi'),
(39, 'REF5713602', '1', '0000-00-00 00:00:00', 50000, 10000, 0, 60000, 0, 'A.YODI'),
(40, 'REF5713602', '001', '2020-03-15 11:48:39', 50000, 10000, 0, 60000, 2, 'A.YODI'),
(41, 'REF5713602', '002', '0000-00-00 00:00:00', 50000, 10000, 0, 60000, 0, 'A.YODI'),
(42, 'REF5713602', '003', '2020-03-15 11:48:39', 50000, 10000, 0, 60000, 2, 'A.YODI'),
(43, 'REF5713602', '004', '2020-03-15 11:48:39', 40000, 10000, 0, 50000, 2, 'A.YODI'),
(44, 'REF1765092', '1', '0000-00-00 00:00:00', 50000, 10000, 0, 60000, 0, 'A.YODI'),
(45, 'REF1765092', '001', '2020-03-16 08:11:12', 50000, 10000, 0, 60000, 2, 'A.YODI'),
(46, 'REF1765092', '002', '0000-00-00 00:00:00', 50000, 10000, 0, 60000, 0, 'A.YODI'),
(47, 'REF1765092', '003', '2020-03-16 08:11:12', 50000, 10000, 0, 60000, 2, 'A.YODI'),
(48, 'REF1765092', '004', '2020-03-16 08:11:12', 40000, 10000, 0, 50000, 2, 'A.YODI'),
(49, 'REF2769815', '1', '0000-00-00 00:00:00', 50000, 10000, 0, 60000, 0, 'A.YODI'),
(50, 'REF2769815', '001', '2020-03-17 07:58:54', 50000, 10000, 0, 60000, 2, 'A.YODI'),
(51, 'REF2769815', '002', '0000-00-00 00:00:00', 50000, 10000, 0, 60000, 0, 'A.YODI'),
(52, 'REF2769815', '003', '2020-03-17 07:58:54', 50000, 10000, 0, 60000, 2, 'A.YODI'),
(53, 'REF2769815', '004', '2020-03-17 07:58:54', 40000, 10000, 0, 50000, 2, 'A.YODI'),
(54, 'REF5740163', '1', '0000-00-00 00:00:00', 50000, 10000, 0, 60000, 0, 'a.yodi'),
(55, 'REF5740163', '001', '2020-03-18 15:03:52', 50000, 10000, 0, 60000, 2, 'a.yodi'),
(56, 'REF5740163', '002', '0000-00-00 00:00:00', 50000, 10000, 0, 60000, 0, 'a.yodi'),
(57, 'REF5740163', '003', '2020-03-18 15:03:52', 50000, 10000, 0, 60000, 2, 'a.yodi'),
(58, 'REF5740163', '004', '2020-03-18 15:03:52', 40000, 10000, 0, 50000, 2, 'a.yodi'),
(59, 'REF9718645', '1', '0000-00-00 00:00:00', 50000, 10000, 0, 60000, 0, 'a.yodi'),
(60, 'REF9718645', '001', '2020-03-19 16:09:48', 50000, 10000, 0, 60000, 2, 'a.yodi'),
(61, 'REF9718645', '002', '0000-00-00 00:00:00', 50000, 10000, 0, 60000, 0, 'a.yodi'),
(62, 'REF9718645', '003', '2020-03-19 16:09:48', 50000, 10000, 0, 60000, 2, 'a.yodi'),
(63, 'REF9718645', '004', '2020-03-19 16:09:48', 40000, 10000, 0, 50000, 2, 'a.yodi'),
(64, 'REF3695780', '1', '0000-00-00 00:00:00', 50000, 10000, 0, 60000, 0, 'A.YODI'),
(65, 'REF3695780', '001', '2020-03-20 16:00:18', 50000, 10000, 0, 60000, 2, 'A.YODI'),
(66, 'REF3695780', '002', '0000-00-00 00:00:00', 50000, 10000, 0, 60000, 0, 'A.YODI'),
(67, 'REF3695780', '003', '2020-03-20 16:00:18', 50000, 10000, 0, 60000, 2, 'A.YODI'),
(68, 'REF3695780', '004', '2020-03-20 16:00:18', 40000, 10000, 0, 50000, 2, 'A.YODI'),
(69, 'REF7063845', '1', '0000-00-00 00:00:00', 50000, 10000, 0, 60000, 0, 'a.yodi'),
(70, 'REF7063845', '001', '2020-03-21 13:15:12', 50000, 10000, 0, 60000, 2, 'a.yodi'),
(71, 'REF7063845', '002', '0000-00-00 00:00:00', 50000, 10000, 0, 60000, 0, 'a.yodi'),
(72, 'REF7063845', '003', '2020-03-21 13:15:12', 50000, 10000, 0, 60000, 2, 'a.yodi'),
(73, 'REF7063845', '004', '2020-03-21 13:15:12', 40000, 10000, 0, 50000, 2, 'a.yodi'),
(74, 'REF3819625', '1', '0000-00-00 00:00:00', 50000, 10000, 0, 60000, 0, 'A.YODI'),
(75, 'REF3819625', '001', '2020-03-22 09:34:37', 50000, 10000, 0, 60000, 2, 'A.YODI'),
(76, 'REF3819625', '002', '0000-00-00 00:00:00', 50000, 10000, 0, 60000, 0, 'A.YODI'),
(77, 'REF3819625', '003', '2020-03-22 09:34:37', 50000, 10000, 0, 60000, 2, 'A.YODI'),
(78, 'REF3819625', '004', '2020-03-22 09:34:37', 40000, 10000, 0, 50000, 2, 'A.YODI');

-- --------------------------------------------------------

--
-- Table structure for table `detail_pembelian`
--

CREATE TABLE `detail_pembelian` (
  `id` int(11) NOT NULL,
  `no_order_pembelian` varchar(255) NOT NULL,
  `tanggal_transaksi` datetime NOT NULL,
  `nomor_transaksi` varchar(255) NOT NULL,
  `kode_barang` varchar(255) NOT NULL,
  `jumlah_pembelian` double NOT NULL,
  `harga_beli` double NOT NULL,
  `diskon` double NOT NULL,
  `total_harga` double NOT NULL,
  `tanggal_input` date NOT NULL,
  `saldo` double NOT NULL
) ENGINE=InnoDB DEFAULT CHARSET=latin1;

--
-- Dumping data for table `detail_pembelian`
--

INSERT INTO `detail_pembelian` (`id`, `no_order_pembelian`, `tanggal_transaksi`, `nomor_transaksi`, `kode_barang`, `jumlah_pembelian`, `harga_beli`, `diskon`, `total_harga`, `tanggal_input`, `saldo`) VALUES
(1, '7TgqBZAYbisQkeE6', '2020-02-20 00:00:00', '01ad2002000185', 'BES0065', 500, 19000, 0, 9500000, '2020-03-09', 424),
(2, '7TgqBZAYbisQkeE6', '2020-02-20 00:00:00', '01ad2002000185', 'BES0003', 500, 27966, 0, 13983000, '2020-03-09', 490),
(3, '7TgqBZAYbisQkeE6', '2020-02-20 00:00:00', '01ad2002000185', 'BES0004', 500, 28677, 0, 14338500, '2020-03-09', 323),
(4, '7TgqBZAYbisQkeE6', '2020-02-20 00:00:00', '01ad2002000185', 'BES0005', 500, 44770, 0, 22385000, '2020-03-09', 413),
(5, '7TgqBZAYbisQkeE6', '2020-02-20 00:00:00', '01ad2002000185', 'BES0006', 200, 68000, 0, 13600000, '2020-03-09', 162),
(8, 'ydYREPpsjLnOfqgS', '2020-02-20 00:00:00', '02ad2002000184', 'BES0065', 500, 19000, 0, 9500000, '2020-03-09', 500),
(9, 'ydYREPpsjLnOfqgS', '2020-02-20 00:00:00', '02ad2002000184', 'BES0003', 500, 27966, 0, 13983000, '2020-03-09', 500),
(10, 'ydYREPpsjLnOfqgS', '2020-02-20 00:00:00', '02ad2002000184', 'BES0005', 500, 44770, 0, 22385000, '2020-03-09', 500),
(11, 'ydYREPpsjLnOfqgS', '2020-02-20 00:00:00', '02ad2002000184', 'BES0003', 500, 28677, 0, 14338500, '2020-03-09', 0),
(12, 'ydYREPpsjLnOfqgS', '2020-02-20 00:00:00', '02ad2002000184', 'BES0006', 200, 68000, 0, 13600000, '2020-03-09', 200),
(15, 'JMyLQHwd60YxFrPb', '2020-01-03 00:00:00', '03ad2003000002', 'WIR0061', 100, 395000, 0, 39500000, '2020-03-09', 97),
(16, 'JMyLQHwd60YxFrPb', '2020-01-03 00:00:00', '03ad2003000002', 'WIR0060', 80, 245000, 0, 19600000, '2020-03-09', 70),
(18, 'Gg5UXe2wPuaJNhc6', '2020-01-03 00:00:00', '041ad2003000003', 'NOK0066', 50, 11000, 0, 550000, '2020-03-09', 50),
(19, 'Gg5UXe2wPuaJNhc6', '2020-01-03 00:00:00', '041ad2003000003', 'NOK0068', 50, 11000, 0, 550000, '2020-03-09', 50),
(20, 'Gg5UXe2wPuaJNhc6', '2020-01-03 00:00:00', '041ad2003000003', 'NOK0067', 50, 11000, 0, 550000, '2020-03-09', 50),
(21, 'nt2CobfZJjByi8L9', '2020-02-03 00:00:00', '05ad2003000010', 'BON0012', 50, 450000, 0, 22500000, '2020-03-09', 49),
(22, 'nt2CobfZJjByi8L9', '2020-02-03 00:00:00', '05ad2003000010', 'BON0015', 50, 480000, 0, 24000000, '2020-03-09', 47),
(23, 'nt2CobfZJjByi8L9', '2020-02-03 00:00:00', '05ad2003000010', 'BON0014', 20, 400000, 0, 8000000, '2020-03-09', 20),
(24, 'nt2CobfZJjByi8L9', '2020-02-03 00:00:00', '05ad2003000010', 'REN0069', 500, 22500, 0, 11250000, '2020-03-09', 340),
(25, 'nt2CobfZJjByi8L9', '2020-02-03 00:00:00', '05ad2003000010', 'HOL0037', 300, 11500, 0, 3450000, '2020-03-09', 218),
(26, 'nt2CobfZJjByi8L9', '2020-02-03 00:00:00', '05ad2003000010', 'BON0013', 20, 320000, 0, 6400000, '2020-03-09', 12),
(27, 'nt2CobfZJjByi8L9', '2020-02-03 00:00:00', '05ad2003000010', 'REN0070', 500, 19000, 0, 9500000, '2020-03-09', 434),
(28, 'Yu52TlkAiEozRZHM', '2020-03-03 00:00:00', '06ad2003000017', 'BES0001', 50, 19000, 0, 950000, '2020-03-09', 0),
(29, 'Yu52TlkAiEozRZHM', '2020-03-03 00:00:00', '06ad2003000017', 'SKR0046', 10000, 131, 0, 1310000, '2020-03-09', 0),
(30, 'Yu52TlkAiEozRZHM', '2020-03-03 00:00:00', '06ad2003000017', 'ROF0071', 1000, 480, 0, 480000, '2020-03-09', 980),
(31, 'Yu52TlkAiEozRZHM', '2020-03-03 00:00:00', '06ad2003000017', 'ROF0072', 2000, 331, 0, 662000, '2020-03-09', 1140),
(32, 'Yu52TlkAiEozRZHM', '2020-03-03 00:00:00', '06ad2003000017', 'SKR0047', 20000, 50, 0, 1000000, '2020-03-09', 19000),
(33, 'Yu52TlkAiEozRZHM', '2020-03-03 00:00:00', '06ad2003000017', 'SKR0046', 10000, 119, 0, 1190000, '2020-03-09', 0),
(34, 'Yu52TlkAiEozRZHM', '2020-03-03 00:00:00', '06ad2003000017', 'WD0057', 600, 4000, 0, 2400000, '2020-03-09', 524),
(35, 'WekgMCisvySNzwPp', '2020-03-05 00:00:00', '07ad2003000046', 'BON0010', 20, 300000, 0, 6000000, '2020-03-09', 19),
(36, 'WekgMCisvySNzwPp', '2020-03-05 00:00:00', '07ad2003000046', 'BON0011', 20, 375000, 0, 7500000, '2020-03-09', 12),
(38, '47tRMr3JdzTqVo51', '2020-03-05 15:25:21', '04ad200300003', 'SPA0052', 50, 174000, 0, 8700000, '2020-03-09', 17),
(39, '47tRMr3JdzTqVo51', '2020-03-05 15:25:37', '04ad200300003', 'SPA0051', 20, 145000, 0, 2900000, '2020-03-09', 10),
(40, '47tRMr3JdzTqVo51', '2020-03-05 15:26:45', '04ad200300003', 'SPA0054', 20, 187500, 0, 3750000, '2020-03-09', 20),
(41, '47tRMr3JdzTqVo51', '2020-03-05 15:27:05', '04ad200300003', 'SPA0053', 20, 150000, 0, 3000000, '2020-03-09', 20),
(42, '47tRMr3JdzTqVo51', '2020-03-05 15:27:27', '04ad200300003', 'CNP0018', 100, 46000, 0, 4600000, '2020-03-09', 85),
(43, '47tRMr3JdzTqVo51', '2020-03-05 15:27:47', '04ad200300003', 'CNP0019', 100, 49500, 0, 4950000, '2020-03-09', 73),
(44, '47tRMr3JdzTqVo51', '2020-03-05 15:28:08', '04ad200300003', 'CNP0020', 100, 53500, 0, 5350000, '2020-03-09', 42),
(45, '47tRMr3JdzTqVo51', '2020-03-05 15:28:29', '04ad200300003', 'CNP0021', 100, 59000, 0, 5900000, '2020-03-09', 0),
(46, '47tRMr3JdzTqVo51', '2020-03-05 15:28:50', '04ad200300003', 'GEN0036', 200, 20000, 0, 4000000, '2020-03-09', 200),
(47, '47tRMr3JdzTqVo51', '2020-03-05 15:29:16', '04ad200300003', 'GEN0035', 100, 20000, 0, 2000000, '2020-03-09', 100),
(48, '47tRMr3JdzTqVo51', '2020-03-05 15:29:46', '04ad200300003', 'GEN0033', 100, 20000, 0, 2000000, '2020-03-09', 91),
(53, 'E0gCfxlVw1i5mG3v', '2020-03-06 17:20:30', '08ad2003000055', 'ENG0076', 10, 2700, 0, 27000, '2020-03-09', 10),
(54, 'E0gCfxlVw1i5mG3v', '2020-03-06 17:20:54', '08ad2003000055', 'ENG0074', 10, 3500, 0, 35000, '2020-03-09', 10),
(55, 'E0gCfxlVw1i5mG3v', '2020-03-06 17:21:11', '08ad2003000055', 'ENG0075', 10, 4059, 0, 40590, '2020-03-09', 10),
(56, 'E0gCfxlVw1i5mG3v', '2020-03-06 17:21:29', '08ad2003000055', 'ENG0073', 10, 6427, 0, 64270, '2020-03-09', 10),
(57, 'E0gCfxlVw1i5mG3v', '2020-03-06 17:21:47', '08ad2003000055', 'PAK0077', 500, 141, 0, 70500, '2020-03-09', 500),
(58, 'E0gCfxlVw1i5mG3v', '2020-03-06 17:22:03', '08ad2003000055', 'PAK0078', 1000, 131, 0, 131000, '2020-03-09', 1000),
(59, 'E0gCfxlVw1i5mG3v', '2020-03-06 17:22:20', '08ad2003000055', 'KUN0079', 5, 6850, 0, 34250, '2020-03-09', 5),
(60, 'E0gCfxlVw1i5mG3v', '2020-03-06 17:22:39', '08ad2003000055', 'KUN0080', 5, 5750, 0, 28750, '2020-03-09', 3),
(61, 'E0gCfxlVw1i5mG3v', '2020-03-06 17:23:00', '08ad2003000055', 'MAT0081', 10, 5300, 0, 53000, '2020-03-09', 10),
(62, 'E0gCfxlVw1i5mG3v', '2020-03-06 17:23:31', '08ad2003000055', 'LEM0083', 5, 26500, 0, 132500, '2020-03-09', 5),
(63, 'E0gCfxlVw1i5mG3v', '2020-03-06 17:23:44', '08ad2003000055', 'LEM0084', 5, 26500, 0, 132500, '2020-03-09', 3),
(64, 'E0gCfxlVw1i5mG3v', '2020-03-06 17:24:34', '08ad2003000055', 'KAW0042', 50, 13868, 0, 693400, '2020-03-09', 43),
(65, 'E0gCfxlVw1i5mG3v', '2020-03-06 17:25:07', '08ad2003000055', 'CAT0085', 12, 49500, 0, 594000, '2020-03-09', 11),
(66, 'E0gCfxlVw1i5mG3v', '2020-03-06 17:25:20', '08ad2003000055', 'CAT0086', 12, 49500, 0, 594000, '2020-03-09', 12),
(67, 'E0gCfxlVw1i5mG3v', '2020-03-06 17:25:31', '08ad2003000055', 'CAT0087', 12, 49500, 0, 594000, '2020-03-09', 12),
(68, 'E0gCfxlVw1i5mG3v', '2020-03-06 17:25:44', '08ad2003000055', 'CAT0088', 12, 49500, 0, 594000, '2020-03-09', 12),
(69, 'E0gCfxlVw1i5mG3v', '2020-03-06 17:26:22', '08ad2003000055', 'KAW0041', 20, 31500, 0, 630000, '2020-03-09', 17),
(70, 'E0gCfxlVw1i5mG3v', '2020-03-06 17:26:35', '08ad2003000055', 'TAN0089', 1, 43000, 0, 43000, '2020-03-09', 1),
(71, 'E0gCfxlVw1i5mG3v', '2020-03-06 17:26:57', '08ad2003000055', 'SPA0050', 20, 116000, 0, 2320000, '2020-03-09', 20),
(72, 'E0gCfxlVw1i5mG3v', '2020-03-06 17:28:07', '08ad2003000055', 'SPA0055', 30, 225000, 0, 6750000, '2020-03-09', 11),
(73, 'E0gCfxlVw1i5mG3v', '2020-03-06 17:28:22', '08ad2003000055', 'HOL0038', 300, 14250, 0, 4275000, '2020-03-09', 258),
(74, 'E0gCfxlVw1i5mG3v', '2020-03-06 17:32:45', '08ad2003000055', 'LEM0082', 5, 26500, 0, 132500, '2020-03-09', 4),
(84, 'w6UhnGz7TBcIldb1', '2020-03-03 11:23:38', '09ad200300017', 'SKR0045', 10000, 119, 0, 1190000, '2020-03-10', 4700),
(85, 'NhR5LvZO14ExqfHj', '2020-03-09 11:57:25', 'ad2003000069', 'KAW0040', 10, 23000, 0, 230000, '2020-03-10', 5),
(86, 'NhR5LvZO14ExqfHj', '2020-03-09 12:02:45', 'ad2003000069', 'PAK0091', 30, 12167, 0, 365010, '2020-03-10', 28),
(87, 'NhR5LvZO14ExqfHj', '2020-03-09 12:03:21', 'ad2003000069', 'PAK0092', 30, 12167, 0, 365010, '2020-03-10', 28),
(88, 'NhR5LvZO14ExqfHj', '2020-03-09 12:03:50', 'ad2003000069', 'PAK0094', 30, 12167, 0, 365010, '2020-03-10', 30),
(89, 'NhR5LvZO14ExqfHj', '2020-03-09 12:05:01', 'ad2003000069', 'PAK0095', 30, 13000, 0, 390000, '2020-03-10', 30),
(90, 'NhR5LvZO14ExqfHj', '2020-03-09 12:05:32', 'ad2003000069', 'KIN0044', 25, 6800, 0, 170000, '2020-03-10', 23),
(91, 'NhR5LvZO14ExqfHj', '2020-03-09 12:05:56', 'ad2003000069', 'FLA0096', 20, 6600, 0, 132000, '2020-03-10', 18),
(92, 'NhR5LvZO14ExqfHj', '2020-03-09 12:06:33', 'ad2003000069', 'DEM0026', 24, 18000, 0, 432000, '2020-03-10', 24),
(93, 'NhR5LvZO14ExqfHj', '2020-03-09 12:07:14', 'ad2003000069', 'MAT0097', 2, 64000, 0, 128000, '2020-03-10', 2),
(94, 'NhR5LvZO14ExqfHj', '2020-03-09 12:07:40', 'ad2003000069', 'MAT0098', 2, 19000, 0, 38000, '2020-03-10', 2),
(95, 'NhR5LvZO14ExqfHj', '2020-03-09 12:07:57', 'ad2003000069', 'MAT0099', 2, 14000, 0, 28000, '2020-03-10', 2),
(96, 'NhR5LvZO14ExqfHj', '2020-03-09 12:08:25', 'ad2003000069', 'ENG0100', 10, 15000, 0, 150000, '2020-03-10', 10),
(100, 'tRXfZh8bdEWkQlou', '2020-03-10 00:00:00', 'ad2003000076', 'BES0001', 10, 19000, 0, 190000, '2020-03-11', 8),
(101, 'tRXfZh8bdEWkQlou', '2020-03-10 00:00:00', 'ad2003000076', 'BON0009', 19.5, 75000, 0, 1462500, '2020-03-11', 19.5),
(102, 'tRXfZh8bdEWkQlou', '2020-03-10 00:00:00', 'ad2003000076', 'BON0009', 3, 75000, 0, 225000, '2020-03-11', 3),
(103, '3nD5qouKwEHdl7t8', '2020-03-09 00:00:00', 'refad2003000069', 'PAK0095', 90, 13000, 0, 1170000, '2020-03-11', 90),
(104, 'L6bcHr5KU1WzBYQh', '2020-03-06 00:00:00', 'refad2003000055', 'THI0090', 10, 28500, 0, 285000, '2020-03-11', 10),
(105, 'o4UeQ9Yjf8ZLMBFX', '2020-03-11 00:00:00', 'ad2003000003', 'CNP0021', 12, 59000, 0, 708000, '2020-03-11', 0),
(106, 'IEr1DtYhnZbyoAHV', '2020-03-13 00:00:00', 'refvisi', 'BES0004', 275, 28677, 0, 7886175, '2020-03-13', 275),
(107, 'zFL9JTCxBW6NRcKw', '2020-03-13 00:00:00', 'revesi', 'BON0011', 6, 375000, 0, 2250000, '2020-03-13', 6),
(108, 'vripzu6E9kxLVFo5', '2020-03-13 00:00:00', 'revisi', 'CNP0021', 28, 59000, 0, 1652000, '2020-03-13', 21),
(109, 'tkSW34AUBbfXnpDH', '2020-03-12 00:00:00', 'ref11', 'WIR0060', 5, 245000, 0, 1225000, '2020-03-13', 5),
(110, 'tkSW34AUBbfXnpDH', '2020-03-12 00:00:00', 'ref11', 'REN0069', 35, 22500, 0, 787500, '2020-03-13', 35),
(111, 'tkSW34AUBbfXnpDH', '2020-03-12 00:00:00', 'ref11', 'REN0070', 2, 19000, 0, 38000, '2020-03-13', 2),
(112, '49RSNdopmubgK0rM', '2020-03-10 00:00:00', 'rev12', 'SKR0045', 500, 119, 0, 59500, '2020-03-13', 500),
(113, '49RSNdopmubgK0rM', '2020-03-10 00:00:00', 'rev12', 'SKR0046', 1000, 131, 0, 131000, '2020-03-13', 0),
(114, '49RSNdopmubgK0rM', '2020-03-10 00:00:00', 'rev12', 'WD0057', 20, 4000, 0, 80000, '2020-03-13', 20),
(115, 'qOTwgcHKfiZN7Quy', '2020-03-14 00:00:00', 'ad2003000102', 'BES0007', 50, 71600, 0, 3580000, '2020-03-14', 15),
(116, 'qOTwgcHKfiZN7Quy', '2020-03-14 00:00:00', 'ad2003000102', 'BES0008', 50, 108800, 0, 5440000, '2020-03-14', 50),
(117, 'qOTwgcHKfiZN7Quy', '2020-03-14 00:00:00', 'ad2003000102', 'ROF0072', 2000, 331, 0, 662000, '2020-03-14', 2000),
(118, 'qOTwgcHKfiZN7Quy', '2020-03-14 00:00:00', 'ad2003000102', 'SKR0046', 10000, 126, 0, 1260000, '2020-03-14', 4800),
(119, 'qOTwgcHKfiZN7Quy', '2020-03-14 00:00:00', 'ad2003000102', 'SKR0045', 10000, 119, 0, 1190000, '2020-03-14', 10000),
(120, 'qOTwgcHKfiZN7Quy', '2020-03-14 00:00:00', 'ad2003000102', 'KAW0040', 5, 23000, 0, 115000, '2020-03-14', 5),
(121, 'qOTwgcHKfiZN7Quy', '2020-03-14 00:00:00', 'ad2003000102', 'BES0001', 200, 19000, 0, 3800000, '2020-03-14', 200),
(122, 'jHJ9CiSd10ZL7Puv', '2020-03-19 00:00:00', 'AD2003000137', 'BON0016', 28, 80000, 0, 2240000, '2020-03-19', 7),
(123, 'wn6ABWJLt21FofmY', '2020-03-22 00:00:00', 'AD2003000152', 'WIR0059', 50, 195000, 0, 9750000, '2020-03-22', 50);

-- --------------------------------------------------------

--
-- Table structure for table `detail_penjualan`
--

CREATE TABLE `detail_penjualan` (
  `id` int(11) NOT NULL,
  `no_order_penjualan` varchar(255) NOT NULL,
  `tanggal_transaksi` datetime NOT NULL,
  `nomor_faktur` varchar(255) NOT NULL,
  `kode_barang` varchar(255) NOT NULL,
  `jumlah_penjualan` double NOT NULL,
  `harga_jual` double NOT NULL,
  `diskon` double NOT NULL,
  `total_harga` double NOT NULL,
  `tanggal_input` date NOT NULL
) ENGINE=InnoDB DEFAULT CHARSET=latin1;

--
-- Dumping data for table `detail_penjualan`
--

INSERT INTO `detail_penjualan` (`id`, `no_order_penjualan`, `tanggal_transaksi`, `nomor_faktur`, `kode_barang`, `jumlah_penjualan`, `harga_jual`, `diskon`, `total_harga`, `tanggal_input`) VALUES
(1, 'OUT7285603', '2020-03-09 11:26:34', 'bbmkdr100320001', 'REN0069 ', 35, 24500, 0, 857500, '2020-03-10'),
(2, 'OUT7285603', '2020-03-09 11:27:16', 'bbmkdr100320001', 'CNP0021 ', 40, 63000, 0, 2520000, '2020-03-10'),
(3, 'OUT7285603', '2020-03-09 11:27:50', 'bbmkdr100320001', 'SKR0045 ', 500, 150, 0, 75000, '2020-03-10'),
(4, 'OUT7285603', '2020-03-09 11:28:52', 'bbmkdr100320001', 'WD0057 ', 20, 4000, 0, 80000, '2020-03-10'),
(8, 'OUT2738019', '2020-03-09 12:13:16', 'bbmkdr100320002', 'ROF0072 ', 40, 600, 0, 24000, '2020-03-10'),
(9, 'OUT6854391', '2020-03-09 12:14:55', 'bbmkdr100320003', 'BES0005 ', 10, 51000, 0, 510000, '2020-03-10'),
(10, 'OUT6854391', '2020-03-09 12:15:59', 'bbmkdr100320003', 'BES0065 ', 5, 22000, 0, 110000, '2020-03-10'),
(12, 'OUT8270614', '2020-03-09 12:17:08', 'bbmkdr100320004', 'CNP0021 ', 6, 63000, 0, 378000, '2020-03-10'),
(13, 'OUT8270614', '2020-03-09 12:20:08', 'bbmkdr100320004', 'SPA0055 ', 2, 252000, 0, 504000, '2020-03-10'),
(14, 'OUT8270614', '2020-03-09 12:20:41', 'bbmkdr100320004', 'REN0069 ', 6, 24500, 0, 147000, '2020-03-10'),
(15, 'OUT8270614', '2020-03-09 12:21:03', 'bbmkdr100320004', 'SKR0046 ', 100, 200, 0, 20000, '2020-03-10'),
(16, 'OUT8270614', '2020-03-09 12:21:24', 'bbmkdr100320004', 'ROF0072 ', 100, 600, 0, 60000, '2020-03-10'),
(17, 'OUT8270614', '2020-03-09 12:21:40', 'bbmkdr100320004', 'WD0057 ', 20, 4000, 0, 80000, '2020-03-10'),
(18, 'OUT8270614', '2020-03-09 12:22:14', 'bbmkdr100320004', 'KUN0080 ', 1, 11000, 0, 11000, '2020-03-10'),
(19, 'OUT1643058', '2020-03-09 12:23:25', 'bbmkdr100320005', 'REN0070 ', 35, 21000, 0, 735000, '2020-03-10'),
(20, 'OUT1643058', '2020-03-09 12:24:05', 'bbmkdr100320005', 'CNP0020 ', 20, 59000, 0, 1180000, '2020-03-10'),
(21, 'OUT1643058', '2020-03-09 12:24:36', 'bbmkdr100320005', 'SKR0046 ', 1000, 150, 0, 150000, '2020-03-10'),
(22, 'OUT7869523', '2020-03-09 12:36:25', 'bbmkdr100320006', 'BON0011 ', 6, 395000, 0, 2370000, '2020-03-10'),
(23, 'OUT7869523', '2020-03-09 12:39:13', 'bbmkdr100320006', 'WIR0060 ', 5, 385000, 15000, 1910000, '2020-03-10'),
(25, 'OUT0176954', '2020-03-10 12:41:28', 'bbmkdr100320007', 'ROF0072 ', 400, 550, 0, 220000, '2020-03-10'),
(26, 'OUT0176954', '2020-03-10 12:42:12', 'bbmkdr100320007', 'LEM0084 ', 1, 28000, 0, 28000, '2020-03-10'),
(27, 'OUT0176954', '2020-03-10 12:42:40', 'bbmkdr100320007', 'KUN0080 ', 1, 11000, 0, 11000, '2020-03-10'),
(28, 'OUT6391452', '2020-03-10 12:44:39', 'bbmkdr100320008', 'BES0004 ', 45, 29151, 0, 1311795, '2020-03-10'),
(29, 'OUT6391452', '2020-03-10 12:45:30', 'bbmkdr100320008', 'BES0001 ', 10, 19500, 0, 195000, '2020-03-10'),
(31, 'OUT6081439', '2020-03-10 12:46:57', 'bbmkdr100320009', 'CAT0085 ', 1, 52000, 0, 52000, '2020-03-10'),
(32, 'OUT6250983', '2020-03-10 12:48:43', 'bbmkdr100320010', 'SPA0052 ', 9, 204000, 0, 1836000, '2020-03-10'),
(33, 'OUT6250983', '2020-03-10 12:49:23', 'bbmkdr100320010', 'SPA0051 ', 9, 170000, 0, 1530000, '2020-03-10'),
(35, 'OUT5231948', '2020-03-10 13:47:11', 'bbmkdr100320011', 'REN0069 ', 4, 24500, 0, 98000, '2020-03-10'),
(36, 'OUT6028715', '2020-03-10 13:48:58', 'bbmkdr100320012', 'HOL0037 ', 1, 12000, 0, 12000, '2020-03-10'),
(37, 'OUT6028715', '2020-03-10 13:49:51', 'bbmkdr100320012', 'HOL0038 ', 2, 15500, 0, 31000, '2020-03-10'),
(39, 'OUT0586743', '2020-03-10 14:27:31', 'bbmkdr100320013', 'BES0004 ', 20, 29151, 0, 583020, '2020-03-10'),
(40, 'OUT0586743', '2020-03-10 14:28:15', 'bbmkdr100320013', 'BES0005 ', 10, 45510, 0, 455100, '2020-03-10'),
(41, 'OUT0586743', '2020-03-10 14:29:32', 'bbmkdr100320013', 'BES0001 ', 10, 19500, 0, 195000, '2020-03-10'),
(42, 'OUT5178234', '2020-03-10 14:33:04', 'bbmkdr100320014', 'WIR0060 ', 5, 385000, 0, 1925000, '2020-03-10'),
(43, 'OUT5178234', '2020-03-10 14:34:10', 'bbmkdr100320014', 'BON0011 ', 2, 395000, 0, 790000, '2020-03-10'),
(44, 'OUT5178234', '2020-03-10 14:34:45', 'bbmkdr100320014', 'BES0004 ', 2, 33000, 0, 66000, '2020-03-10'),
(45, 'OUT3245760', '2020-03-10 14:37:21', 'bbmkdr100320015', 'BES0065 ', 20, 22000, 0, 440000, '2020-03-10'),
(46, 'OUT3245760', '2020-03-10 14:37:57', 'bbmkdr100320015', 'BES0005 ', 20, 51000, 0, 1020000, '2020-03-10'),
(48, 'OUT3276145', '2020-03-10 14:42:02', 'bbmkdr100320016', 'CNP0020 ', 2, 59000, 0, 118000, '2020-03-10'),
(49, 'OUT3276145', '2020-03-10 14:42:49', 'bbmkdr100320016', 'CNP0018 ', 3, 51000, 0, 153000, '2020-03-10'),
(50, 'OUT3276145', '2020-03-10 14:45:04', 'bbmkdr100320016', 'REN0070 ', 1, 21000, 0, 21000, '2020-03-10'),
(51, 'OUT3276145', '2020-03-10 14:45:27', 'bbmkdr100320016', 'REN0070 ', 1, 21000, 0, 21000, '2020-03-10'),
(55, 'OUT3019825', '2020-03-10 14:47:14', 'bbmkdr100320017', 'BES0005 ', 10, 49000, 0, 490000, '2020-03-10'),
(56, 'OUT3019825', '2020-03-10 14:48:01', 'bbmkdr100320017', 'BES0006 ', 10, 66000, 0, 660000, '2020-03-10'),
(58, 'OUT5620841', '2020-03-10 14:57:22', 'bbmkdr100320018', 'CNP0021 ', 1, 63000, 0, 63000, '2020-03-10'),
(59, 'OUT3526189', '2020-03-10 15:03:31', 'bbmkdr100320019', 'REN0069 ', 35, 24500, 0, 857500, '2020-03-10'),
(60, 'OUT3526189', '2020-03-10 15:04:07', 'bbmkdr100320019', 'CNP0021 ', 40, 63000, 0, 2520000, '2020-03-10'),
(61, 'OUT3526189', '2020-03-10 15:04:31', 'bbmkdr100320019', 'SKR0045 ', 500, 150, 0, 75000, '2020-03-10'),
(62, 'OUT3526189', '2020-03-10 15:05:05', 'bbmkdr100320019', 'WD0057 ', 20, 4000, 0, 80000, '2020-03-10'),
(66, 'OUT5732918', '2020-03-10 15:07:04', 'bbmkdr100320020', 'HOL0037 ', 26, 12000, 0, 312000, '2020-03-10'),
(67, 'OUT5732918', '2020-03-10 15:07:34', 'bbmkdr100320020', 'BES0001 ', 30, 19500, 0, 585000, '2020-03-10'),
(69, 'OUT8621594', '2020-03-10 15:08:35', 'bbmkdr100320021', 'ROF0072 ', 20, 600, 0, 12000, '2020-03-10'),
(70, 'OUT8510346', '2020-03-11 14:35:14', 'bbmkdr110320022', 'CNP0021 ', 25, 62000, 0, 1550000, '2020-03-11'),
(71, 'OUT8510346', '2020-03-11 14:35:46', 'bbmkdr110320022', 'REN0069 ', 30, 23500, 0, 705000, '2020-03-11'),
(72, 'OUT8510346', '2020-03-11 14:36:58', 'bbmkdr110320022', 'SKR0045 ', 1000, 140, 0, 140000, '2020-03-11'),
(73, 'OUT2681705', '2020-03-11 17:03:09', 'bbmkdr110320023', 'REN0069 ', 25, 24500, 0, 612500, '2020-03-11'),
(74, 'OUT2681705', '2020-03-11 17:03:31', 'bbmkdr110320023', 'SKR0045 ', 500, 150, 0, 75000, '2020-03-11'),
(76, 'OUT1674589', '2020-03-12 11:51:15', 'bbmkdr120320024', 'BES0004 ', 9, 32000, 0, 288000, '2020-03-12'),
(77, 'OUT8319502', '2020-03-12 11:53:11', 'bbmkdr120320025', 'BES0005 ', 10, 51000, 0, 510000, '2020-03-12'),
(78, 'OUT8520439', '2020-03-12 11:54:13', 'bbmkdr120320026', 'HOL0037 ', 10, 12000, 0, 120000, '2020-03-12'),
(79, 'OUT0783912', '2020-03-12 13:47:26', 'bbmkdr120320027', 'KAW0042 ', 1, 22000, 0, 22000, '2020-03-12'),
(80, 'OUT0783912', '2020-03-12 13:48:33', 'bbmkdr120320027', 'BES0004 ', 4, 33000, 0, 132000, '2020-03-12'),
(81, 'OUT0783912', '2020-03-12 13:50:14', 'bbmkdr120320027', 'BES0065 ', 1, 22000, 0, 22000, '2020-03-12'),
(82, 'OUT6159804', '2020-03-13 10:29:43', 'bbmkdr130320028', 'CNP0020 ', 4, 59000, 0, 236000, '2020-03-13'),
(83, 'OUT6159804', '2020-03-13 10:30:00', 'bbmkdr130320028', 'ROF0072 ', 20, 600, 0, 12000, '2020-03-13'),
(84, 'OUT6159804', '2020-03-13 10:31:07', 'bbmkdr130320028', 'SPA0052 ', 2, 204000, 0, 408000, '2020-03-13'),
(85, 'OUT3051427', '2020-03-13 10:40:57', 'bbmkdr130320029', 'HOL0037 ', 10, 13000, 0, 130000, '2020-03-13'),
(86, 'OUT3028594', '2020-03-13 11:33:40', 'bbmkdr130320030', 'LEM0084 ', 1, 28000, 0, 28000, '2020-03-13'),
(87, 'OUT2570839', '2020-03-13 12:28:55', 'bbmkdr130320031', 'SPA0052 ', 6, 180000, 0, 1080000, '2020-03-13'),
(88, 'OUT2570839', '2020-03-13 12:30:07', 'bbmkdr130320031', 'CNP0020 ', 10, 56000, 0, 560000, '2020-03-13'),
(89, 'OUT2570839', '2020-03-13 12:31:50', 'bbmkdr130320031', 'ROF0072 ', 60, 600, 0, 36000, '2020-03-13'),
(90, 'OUT0986327', '2020-03-13 12:51:03', 'bbmkdr130320032', 'HOL0037 ', 20, 12000, 0, 240000, '2020-03-13'),
(91, 'OUT0986327', '2020-03-13 12:51:40', 'bbmkdr130320032', 'HOL0038 ', 20, 15500, 0, 310000, '2020-03-13'),
(93, 'OUT3607142', '2020-03-13 15:18:50', 'bbmkdr130320033', 'BES0004 ', 12, 33000, 0, 396000, '2020-03-13'),
(94, 'OUT3607142', '2020-03-13 15:19:25', 'bbmkdr130320033', 'BES0065 ', 4, 22000, 0, 88000, '2020-03-13'),
(96, 'OUT0382519', '2020-03-13 15:51:36', 'bbmkdr130320034', 'ROF0072 ', 20, 600, 0, 12000, '2020-03-13'),
(97, 'OUT4937851', '2020-03-14 10:07:07', 'bbmkdr140320035', 'CNP0020', 20, 59000, 0, 1180000, '2020-03-14'),
(98, 'OUT4937851', '2020-03-14 10:07:32', 'bbmkdr140320035', 'REN0070', 20, 21000, 0, 420000, '2020-03-14'),
(100, 'OUT5012837', '2020-03-14 10:08:33', 'bbmkdr140320036', 'SKR0045', 1000, 140, 0, 140000, '2020-03-14'),
(101, 'OUT1495768', '2020-03-14 10:09:32', 'bbmkdr140320037', 'SKR0045', 300, 150, 0, 45000, '2020-03-14'),
(102, 'OUT6974021', '2020-03-14 10:18:13', 'bbmkdr140320038', 'KAW0040', 5, 26600, 0, 133000, '2020-03-14'),
(103, 'OUT6974021', '2020-03-14 10:23:34', 'bbmkdr140320038', 'KAW0041', 1, 35500, 0, 35500, '2020-03-14'),
(105, 'OUT7942603', '2020-03-14 10:26:48', 'bbmkdr140320039', 'SKR0045', 1000, 140, 0, 140000, '2020-03-14'),
(106, 'OUT7942603', '2020-03-14 10:28:05', 'bbmkdr140320039', 'REN0070', 6, 20500, 0, 123000, '2020-03-14'),
(108, 'OUT1257849', '2020-03-14 10:57:07', 'bbmkdr140320040', 'KIN0044', 2, 8000, 0, 16000, '2020-03-14'),
(109, 'OUT1257849', '2020-03-14 10:57:21', 'bbmkdr140320040', 'FLA0096', 1, 8000, 0, 8000, '2020-03-14'),
(111, 'OUT4805967', '2020-03-14 11:50:24', 'bbmkdr140320041', 'BES0065', 1, 22000, 0, 22000, '2020-03-14'),
(112, 'OUT8741305', '2020-03-15 08:59:38', 'bbmkdr150320042', 'BES0004', 19, 32000, 0, 608000, '2020-03-15'),
(113, 'OUT8741305', '2020-03-15 09:01:00', 'bbmkdr150320042', 'BON0012', 1, 468000, 0, 468000, '2020-03-15'),
(115, 'OUT9184236', '2020-03-15 09:25:17', 'bbmkdr150320043', 'SPA0052', 4, 180000, 0, 720000, '2020-03-15'),
(116, 'OUT9184236', '2020-03-15 09:26:45', 'bbmkdr150320043', 'ROF0072', 200, 600, 0, 120000, '2020-03-15'),
(118, 'OUT3920841', '2020-03-15 09:56:48', 'bbmkdr150320044', 'BES0007', 20, 82340, 0, 1646800, '2020-03-15'),
(119, 'OUT3084615', '2020-03-16 07:33:48', 'bbmkdr160320045', 'SKR0046', 1000, 150, 0, 150000, '2020-03-16'),
(120, 'OUT3617952', '2020-03-16 07:46:37', 'bbmkdr160320046', 'HOL0037', 15, 13000, 0, 195000, '2020-03-16'),
(121, 'OUT3617952', '2020-03-16 07:48:03', 'bbmkdr160320046', 'HOL0038', 20, 16500, 0, 330000, '2020-03-16'),
(122, 'OUT3617952', '2020-03-16 07:49:50', 'bbmkdr160320046', 'SKR0047', 1000, 65, 0, 65000, '2020-03-16'),
(123, 'OUT0742698', '2020-03-16 07:59:46', 'bbmkdr160320047', 'BES0004', 25, 32000, 0, 800000, '2020-03-16'),
(124, 'OUT9725648', '2020-03-16 09:00:58', 'bbmkdr160320048', 'BES0003', 10, 30000, 0, 300000, '2020-03-16'),
(125, 'OUT7096483', '2020-03-16 13:04:14', 'bbmkdr160320049', 'BON0010', 1, 132000, 0, 132000, '2020-03-16'),
(126, 'OUT1697423', '2020-03-16 13:19:06', 'bbmkdr160320050', 'SPA0055', 8, 252000, 0, 2016000, '2020-03-16'),
(127, 'OUT1697423', '2020-03-16 13:19:47', 'bbmkdr160320050', 'CNP0020', 2, 55000, 0, 110000, '2020-03-16'),
(128, 'OUT1697423', '2020-03-16 13:20:18', 'bbmkdr160320050', 'LEM0082', 1, 28000, 0, 28000, '2020-03-16'),
(129, 'OUT3648907', '2020-03-17 07:42:18', 'bbmkdr170320051', 'SKR0046', 100, 200, 0, 20000, '2020-03-17'),
(130, 'OUT3648907', '2020-03-17 07:42:58', 'bbmkdr170320051', 'CNP0021', 7, 59000, 0, 413000, '2020-03-17'),
(131, 'OUT3648907', '2020-03-17 07:43:33', 'bbmkdr170320051', 'GEN0033', 9, 24500, 0, 220500, '2020-03-17'),
(132, 'OUT3648907', '2020-03-17 07:44:07', 'bbmkdr170320051', 'REN0070', 3, 21000, 0, 63000, '2020-03-17'),
(136, 'OUT8354760', '2020-03-17 07:53:22', 'bbmkdr170320052', 'WD0057', 6, 4500, 0, 27000, '2020-03-17'),
(137, 'OUT2713084', '2020-03-17 14:33:55', 'bbmkdr170320053', 'BES0007', 15, 82340, 0, 1235100, '2020-03-17'),
(138, 'OUT2713084', '2020-03-17 14:34:39', 'bbmkdr170320053', 'BES0005', 15, 51000, 0, 765000, '2020-03-17'),
(140, 'OUT6510487', '2020-03-18 06:56:54', 'bbmkdr180320054', 'KAW0042', 2, 22000, 0, 44000, '2020-03-18'),
(141, 'OUT6510487', '2020-03-18 06:58:57', 'bbmkdr180320054', 'BES0006', 18, 68000, 0, 1224000, '2020-03-18'),
(142, 'OUT6510487', '2020-03-18 06:59:34', 'bbmkdr180320054', 'BES0004', 36, 33000, 0, 1188000, '2020-03-18'),
(143, 'OUT6510487', '2020-03-18 07:02:09', 'bbmkdr180320054', 'PAK0092', 2, 15000, 0, 30000, '2020-03-18'),
(144, 'OUT6510487', '2020-03-18 07:02:46', 'bbmkdr180320054', 'PAK0091', 2, 15000, 0, 30000, '2020-03-18'),
(147, 'OUT7438560', '2020-03-18 08:29:23', 'bbmkdr180320055', 'WD0057', 5, 4500, 0, 22500, '2020-03-18'),
(148, 'OUT0926143', '2020-03-18 13:33:59', 'bbmkdr180320056', 'BES0004', 5, 33000, 0, 165000, '2020-03-18'),
(149, 'OUT0926143', '2020-03-18 13:34:43', 'bbmkdr180320056', 'BES0001', 2, 23000, 0, 46000, '2020-03-18'),
(151, 'OUT0465289', '2020-03-19 10:57:53', 'bbmkdr190320057', 'REN0069', 5, 24500, 0, 122500, '2020-03-19'),
(152, 'OUT2487190', '2020-03-19 11:11:13', 'bbmkdr190320058', 'REN0069', 1, 24500, 0, 24500, '2020-03-19'),
(153, 'OUT2487190', '2020-03-19 11:12:54', 'bbmkdr190320058', 'SPA0051', 1, 170000, 0, 170000, '2020-03-19'),
(155, 'OUT0598216', '2020-03-19 13:21:28', 'bbmkdr190320059', 'SKR0045', 500, 150, 0, 75000, '2020-03-19'),
(156, 'OUT0598216', '2020-03-19 13:22:06', 'bbmkdr190320059', 'REN0069', 4, 24500, 0, 98000, '2020-03-19'),
(158, 'OUT6418539', '2020-03-19 13:30:59', 'bbmkdr190320060', 'REN0069', 2, 24500, 0, 49000, '2020-03-19'),
(159, 'OUT9258401', '2020-03-19 14:19:19', 'bbmkdr190320061', 'REN0069', 8, 24500, 0, 196000, '2020-03-19'),
(160, 'OUT6721849', '2020-03-19 15:02:36', 'bbmkdr190320062', 'BON0013', 8, 332000, 0, 2656000, '2020-03-19'),
(161, 'OUT6721849', '2020-03-19 15:03:43', 'bbmkdr190320062', 'WIR0061', 3, 435000, 0, 1305000, '2020-03-19'),
(163, 'OUT9836512', '2020-03-19 15:20:45', 'bbmkdr190320063', 'WD0057', 5, 4500, 0, 22500, '2020-03-19'),
(164, 'OUT4693521', '2020-03-19 15:43:16', 'bbmkdr190320064', 'BES0006', 10, 68000, 0, 680000, '2020-03-19'),
(165, 'OUT9025618', '2020-03-20 13:37:37', 'bbmkdr200320065', 'BES0065', 4, 22000, 0, 88000, '2020-03-20'),
(166, 'OUT0243957', '2020-03-20 15:22:44', 'bbmkdr200320066', 'KAW0041', 2, 35500, 0, 71000, '2020-03-20'),
(167, 'OUT5324709', '2020-03-21 10:26:32', 'bbmkdr210320067', 'SPA0052', 5, 192000, 0, 960000, '2020-03-21'),
(168, 'OUT9241705', '2020-03-21 14:02:10', 'bbmkdr210320068', 'FLA0096', 1, 8000, 0, 8000, '2020-03-21'),
(169, 'OUT6319548', '2020-03-21 15:10:31', 'bbmkdr210320069', 'CNP0019', 2, 56000, 0, 112000, '2020-03-21'),
(170, 'OUT7541832', '2020-03-22 07:48:49', 'bbmkdr220320070', 'BES0005', 12, 50000, 0, 600000, '2020-03-22'),
(171, 'OUT7541832', '2020-03-22 07:49:11', 'bbmkdr220320070', 'KAW0042', 2, 22000, 0, 44000, '2020-03-22'),
(173, 'OUT4029167', '2020-03-22 08:27:17', 'bbmkdr220320071', 'BON0016', 21, 82000, 0, 1722000, '2020-03-22'),
(174, 'OUT4029167', '2020-03-22 08:28:17', 'bbmkdr220320071', 'BON0015', 3, 492000, 0, 1476000, '2020-03-22'),
(175, 'OUT4029167', '2020-03-22 08:28:50', 'bbmkdr220320071', 'KAW0042', 2, 18000, 0, 36000, '2020-03-22'),
(176, 'OUT0478359', '2020-03-22 10:05:50', 'bbmkdr220320072', 'REN0069', 5, 25000, 0, 125000, '2020-03-22'),
(177, 'OUT1976832', '2020-03-22 10:39:21', 'bbmkdr220320073', 'SPA0052', 7, 192000, 0, 1344000, '2020-03-22'),
(178, 'OUT1976832', '2020-03-22 10:40:04', 'bbmkdr220320073', 'CNP0018', 12, 48500, 0, 582000, '2020-03-22'),
(179, 'OUT1976832', '2020-03-22 10:40:30', 'bbmkdr220320073', 'ROF0071', 20, 700, 0, 14000, '2020-03-22'),
(180, 'OUT1976832', '2020-03-22 10:41:05', 'bbmkdr220320073', 'SKR0046', 1000, 150, 0, 150000, '2020-03-22');

-- --------------------------------------------------------

--
-- Table structure for table `detail_persediaan`
--

CREATE TABLE `detail_persediaan` (
  `id` int(11) NOT NULL,
  `tanggal_transaksi` date NOT NULL,
  `nomor_transaksi` varchar(255) NOT NULL,
  `kode_barang` varchar(255) NOT NULL,
  `jumlah` double NOT NULL,
  `harga_beli` double NOT NULL,
  `saldo` double NOT NULL
) ENGINE=InnoDB DEFAULT CHARSET=latin1;

--
-- Dumping data for table `detail_persediaan`
--

INSERT INTO `detail_persediaan` (`id`, `tanggal_transaksi`, `nomor_transaksi`, `kode_barang`, `jumlah`, `harga_beli`, `saldo`) VALUES
(1, '1970-01-01', '01ad2002000185', 'BES0065', 500, 19000, 500),
(2, '1970-01-01', '01ad2002000185', 'BES0003', 500, 27966, 500),
(3, '1970-01-01', '01ad2002000185', 'BES0004', 500, 28677, 500),
(4, '1970-01-01', '01ad2002000185', 'BES0005', 500, 44770, 500),
(5, '1970-01-01', '01ad2002000185', 'BES0006', 200, 68000, 200),
(8, '1970-01-01', '02ad2002000184', 'BES0065', 500, 19000, 500),
(9, '1970-01-01', '02ad2002000184', 'BES0003', 500, 27966, 500),
(10, '1970-01-01', '02ad2002000184', 'BES0005', 500, 44770, 500),
(11, '1970-01-01', '02ad2002000184', 'BES0003', 500, 28677, 500),
(12, '1970-01-01', '02ad2002000184', 'BES0006', 200, 68000, 200),
(15, '4750-01-03', '03ad2003000002', 'WIR0061', 100, 395000, 100),
(16, '4811-01-03', '03ad2003000002', 'WIR0060', 80, 245000, 80),
(17, '2013-01-03', '041ad2003000003', 'NOK0066', 50, 11000, 50),
(18, '2013-01-03', '041ad2003000003', 'NOK0068', 50, 11000, 50),
(19, '2013-01-03', '041ad2003000003', 'NOK0067', 50, 11000, 50),
(20, '2848-02-03', '05ad2003000010', 'BON0012', 50, 450000, 50),
(21, '2940-02-03', '05ad2003000010', 'BON0015', 50, 480000, 50),
(22, '3010-02-03', '05ad2003000010', 'BON0014', 20, 400000, 20),
(23, '3029-02-03', '05ad2003000010', 'REN0069', 500, 22500, 500),
(24, '3107-02-03', '05ad2003000010', 'HOL0037', 300, 11500, 300),
(25, '3124-02-03', '05ad2003000010', 'BON0013', 20, 320000, 20),
(26, '3208-02-03', '05ad2003000010', 'REN0070', 500, 19000, 500),
(27, '5233-03-03', '06ad2003000017', 'BES0001', 50, 19000, 50),
(28, '5330-03-03', '06ad2003000017', 'SKR0046', 10000, 131, 10000),
(29, '5356-03-03', '06ad2003000017', 'ROF0071', 1000, 480, 1000),
(30, '5448-03-03', '06ad2003000017', 'ROF0072', 2000, 331, 2000),
(31, '5515-03-03', '06ad2003000017', 'SKR0047', 20000, 50, 20000),
(32, '5543-03-03', '06ad2003000017', 'SKR0046', 10000, 119, 10000),
(33, '5623-03-03', '06ad2003000017', 'WD0057', 600, 4000, 600),
(34, '1920-06-05', '07ad2003000046', 'BON0010', 20, 300000, 20),
(35, '1920-06-05', '07ad2003000046', 'BON0011', 20, 375000, 20),
(36, '2020-03-05', '04ad200300003', 'SPA0052', 50, 174000, 50),
(37, '2020-03-05', '04ad200300003', 'SPA0051', 20, 145000, 20),
(38, '2020-03-05', '04ad200300003', 'SPA0054', 20, 187500, 20),
(39, '2020-03-05', '04ad200300003', 'SPA0053', 20, 150000, 20),
(40, '2020-03-05', '04ad200300003', 'CNP0018', 100, 46000, 100),
(41, '2020-03-05', '04ad200300003', 'CNP0019', 100, 49500, 100),
(42, '2020-03-05', '04ad200300003', 'CNP0020', 100, 53500, 100),
(43, '2020-03-05', '04ad200300003', 'CNP0021', 100, 59000, 100),
(44, '2020-03-05', '04ad200300003', 'GEN0036', 200, 20000, 200),
(45, '2020-03-05', '04ad200300003', 'GEN0035', 100, 20000, 100),
(46, '2020-03-05', '04ad200300003', 'GEN0033', 100, 20000, 100),
(47, '2020-03-06', '08ad2003000055', 'ENG0076', 10, 2700, 10),
(48, '2020-03-06', '08ad2003000055', 'ENG0074', 10, 3500, 10),
(49, '2020-03-06', '08ad2003000055', 'ENG0075', 10, 4059, 10),
(50, '2020-03-06', '08ad2003000055', 'ENG0073', 10, 6427, 10),
(51, '2020-03-06', '08ad2003000055', 'PAK0077', 500, 141, 500),
(52, '2020-03-06', '08ad2003000055', 'PAK0078', 1000, 131, 1000),
(53, '2020-03-06', '08ad2003000055', 'KUN0079', 5, 6850, 5),
(54, '2020-03-06', '08ad2003000055', 'KUN0080', 5, 5750, 5),
(55, '2020-03-06', '08ad2003000055', 'MAT0081', 10, 5300, 10),
(56, '2020-03-06', '08ad2003000055', 'LEM0083', 5, 26500, 5),
(57, '2020-03-06', '08ad2003000055', 'LEM0084', 5, 26500, 5),
(58, '2020-03-06', '08ad2003000055', 'KAW0042', 50, 13868, 50),
(59, '2020-03-06', '08ad2003000055', 'CAT0085', 12, 49500, 12),
(60, '2020-03-06', '08ad2003000055', 'CAT0086', 12, 49500, 12),
(61, '2020-03-06', '08ad2003000055', 'CAT0087', 12, 49500, 12),
(62, '2020-03-06', '08ad2003000055', 'CAT0088', 12, 49500, 12),
(63, '2020-03-06', '08ad2003000055', 'KAW0041', 20, 31500, 20),
(64, '2020-03-06', '08ad2003000055', 'TAN0089', 1, 43000, 1),
(65, '2020-03-06', '08ad2003000055', 'SPA0050', 20, 116000, 20),
(66, '2020-03-06', '08ad2003000055', 'SPA0055', 30, 225000, 30),
(67, '2020-03-06', '08ad2003000055', 'HOL0038', 300, 14250, 300),
(68, '2020-03-06', '08ad2003000055', 'LEM0082', 5, 26500, 5),
(69, '2020-03-03', '09ad200300017', 'SKR0045', 10000, 119, 10000),
(70, '2020-03-09', 'ad2003000069', 'KAW0040', 10, 23000, 10),
(71, '2020-03-09', 'ad2003000069', 'PAK0091', 30, 12167, 30),
(72, '2020-03-09', 'ad2003000069', 'PAK0092', 30, 12167, 30),
(73, '2020-03-09', 'ad2003000069', 'PAK0094', 30, 12167, 30),
(74, '2020-03-09', 'ad2003000069', 'PAK0095', 30, 13000, 30),
(75, '2020-03-09', 'ad2003000069', 'KIN0044', 25, 6800, 25),
(76, '2020-03-09', 'ad2003000069', 'FLA0096', 20, 6600, 20),
(77, '2020-03-09', 'ad2003000069', 'DEM0026', 24, 18000, 24),
(78, '2020-03-09', 'ad2003000069', 'MAT0097', 2, 64000, 2),
(79, '2020-03-09', 'ad2003000069', 'MAT0098', 2, 19000, 2),
(80, '2020-03-09', 'ad2003000069', 'MAT0099', 2, 14000, 2),
(81, '2020-03-09', 'ad2003000069', 'ENG0100', 10, 15000, 10),
(82, '2020-03-10', 'ad2003000076', 'BES0001', 10, 19000, 10),
(83, '2020-03-10', 'ad2003000076', 'BON0009', 19.5, 75000, 19.5),
(84, '2020-03-10', 'ad2003000076', 'BON0009', 3, 75000, 3),
(85, '2020-03-09', 'refad2003000069', 'PAK0095', 90, 13000, 90),
(86, '2020-03-06', 'refad2003000055', 'THI0090', 10, 28500, 10),
(87, '2020-03-11', 'ad2003000003', 'CNP0021', 12, 59000, 12),
(88, '2020-03-13', 'refvisi', 'BES0004', 275, 28677, 275),
(89, '2020-03-13', 'revesi', 'BON0011', 6, 375000, 6),
(90, '2020-03-13', 'revisi', 'CNP0021', 28, 59000, 28),
(91, '2020-03-12', 'ref11', 'WIR0060', 5, 245000, 5),
(92, '2020-03-12', 'ref11', 'REN0069', 35, 22500, 35),
(93, '2020-03-12', 'ref11', 'REN0070', 2, 19000, 2),
(94, '2020-03-10', 'rev12', 'SKR0045', 500, 119, 500),
(95, '2020-03-10', 'rev12', 'SKR0046', 1000, 131, 1000),
(96, '2020-03-10', 'rev12', 'WD0057', 20, 4000, 20),
(97, '2020-03-14', 'ad2003000102', 'BES0007', 50, 71600, 50),
(98, '2020-03-14', 'ad2003000102', 'BES0008', 50, 108800, 50),
(99, '2020-03-14', 'ad2003000102', 'ROF0072', 2000, 331, 2000),
(100, '2020-03-14', 'ad2003000102', 'SKR0046', 10000, 126, 10000),
(101, '2020-03-14', 'ad2003000102', 'SKR0045', 10000, 119, 10000),
(102, '2020-03-14', 'ad2003000102', 'KAW0040', 5, 23000, 5),
(103, '2020-03-14', 'ad2003000102', 'BES0001', 200, 19000, 200),
(104, '2020-03-19', 'AD2003000137', 'BON0016', 28, 80000, 28),
(105, '2020-03-22', 'AD2003000152', 'WIR0059', 50, 195000, 50);

-- --------------------------------------------------------

--
-- Table structure for table `detail_piutang`
--

CREATE TABLE `detail_piutang` (
  `id` int(11) NOT NULL,
  `nomor_faktur` varchar(255) NOT NULL,
  `nominal_pembayaran` double NOT NULL,
  `sisa_piutang` double NOT NULL,
  `tanggal` datetime NOT NULL,
  `user` varchar(255) NOT NULL,
  `bukti` varchar(255) NOT NULL,
  `keterangan` varchar(255) NOT NULL,
  `timestamp` timestamp NOT NULL DEFAULT current_timestamp() ON UPDATE current_timestamp()
) ENGINE=InnoDB DEFAULT CHARSET=latin1;

-- --------------------------------------------------------

--
-- Table structure for table `detail_retur_barang_pembelian`
--

CREATE TABLE `detail_retur_barang_pembelian` (
  `id` int(11) NOT NULL,
  `kode_barang` varchar(255) NOT NULL,
  `harga_pokok` double NOT NULL,
  `saldo_tersedia` double NOT NULL,
  `saldo_retur` double NOT NULL,
  `keterangan` varchar(255) NOT NULL,
  `user` varchar(255) NOT NULL,
  `tanggal_input` datetime NOT NULL,
  `tanggal_transaksi` datetime NOT NULL
) ENGINE=InnoDB DEFAULT CHARSET=latin1;

-- --------------------------------------------------------

--
-- Table structure for table `detail_retur_barang_penjualan`
--

CREATE TABLE `detail_retur_barang_penjualan` (
  `id` int(11) NOT NULL,
  `nomor_faktur` varchar(255) NOT NULL,
  `kode_barang` varchar(255) NOT NULL,
  `harga_pokok` double NOT NULL,
  `saldo_tersedia` double NOT NULL,
  `saldo_retur` double NOT NULL,
  `keterangan` varchar(255) NOT NULL,
  `user` varchar(255) NOT NULL,
  `tanggal_input` datetime NOT NULL,
  `tanggal_transaksi` datetime DEFAULT NULL
) ENGINE=InnoDB DEFAULT CHARSET=latin1;

-- --------------------------------------------------------

--
-- Table structure for table `detail_retur_pembelian`
--

CREATE TABLE `detail_retur_pembelian` (
  `id` int(11) NOT NULL,
  `id_detail_pembelian` int(11) NOT NULL,
  `nomor_transaksi` varchar(255) NOT NULL,
  `kode_barang` varchar(255) NOT NULL,
  `keterangan` varchar(512) NOT NULL,
  `jumlah_retur` double NOT NULL,
  `harga_retur` double NOT NULL,
  `diskon` double NOT NULL,
  `total_retur` double NOT NULL,
  `user` varchar(255) NOT NULL,
  `tanggal` timestamp NOT NULL DEFAULT current_timestamp() ON UPDATE current_timestamp(),
  `tanggal_transaksi` datetime NOT NULL
) ENGINE=InnoDB DEFAULT CHARSET=latin1;

--
-- Dumping data for table `detail_retur_pembelian`
--

INSERT INTO `detail_retur_pembelian` (`id`, `id_detail_pembelian`, `nomor_transaksi`, `kode_barang`, `keterangan`, `jumlah_retur`, `harga_retur`, `diskon`, `total_retur`, `user`, `tanggal`, `tanggal_transaksi`) VALUES
(7, 1, 'RTR-01ad2002000185', 'BES0065', 'kurang barang', 41, 19000, 0, 779000, 'admin', '2020-03-11 05:18:33', '2020-03-11 12:18:33'),
(8, 11, 'RTR-02ad2002000184', 'BES0003', 'kesalahan input', 500, 28677, 0, 14338500, 'admin', '2020-03-13 12:49:27', '2020-03-13 19:49:27'),
(9, 72, 'RTR-08ad2003000055', 'SPA0055', 'beda stok fisik dan k', 9, 225000, 0, 2025000, 'admin', '2020-03-13 13:02:56', '2020-03-13 20:02:56'),
(10, 43, 'RTR-04ad200300003', 'CNP0019', 'beda', 25, 49500, 0, 1237500, 'admin', '2020-03-13 13:14:22', '2020-03-13 20:14:22'),
(11, 113, 'RTR-rev12', 'SKR0046', 'slah input', 1000, 131, 0, 131000, 'admin', '2020-03-14 04:17:25', '2020-03-14 11:17:25'),
(13, 29, 'RTR-06ad2003000017', 'SKR0046', 'beda', 11000, 131, 0, 1441000, 'admin', '2020-03-14 04:25:58', '2020-03-14 11:25:58');

-- --------------------------------------------------------

--
-- Table structure for table `detail_retur_penjualan`
--

CREATE TABLE `detail_retur_penjualan` (
  `id` int(11) NOT NULL,
  `id_detail_penjualan` int(11) NOT NULL,
  `nomor_faktur` varchar(255) NOT NULL,
  `kode_barang` varchar(255) NOT NULL,
  `keterangan` varchar(512) NOT NULL,
  `jumlah_retur` double NOT NULL,
  `saldo` double NOT NULL,
  `harga_retur` double NOT NULL,
  `diskon` double NOT NULL,
  `total_retur` double NOT NULL,
  `user` varchar(255) NOT NULL,
  `tanggal` timestamp NOT NULL DEFAULT current_timestamp() ON UPDATE current_timestamp(),
  `tanggal_transaksi` datetime NOT NULL
) ENGINE=InnoDB DEFAULT CHARSET=latin1;

--
-- Dumping data for table `detail_retur_penjualan`
--

INSERT INTO `detail_retur_penjualan` (`id`, `id_detail_penjualan`, `nomor_faktur`, `kode_barang`, `keterangan`, `jumlah_retur`, `saldo`, `harga_retur`, `diskon`, `total_retur`, `user`, `tanggal`, `tanggal_transaksi`) VALUES
(1, 22, 'RTR-bbmkdr100320006', 'BON0011', '', 6, 6, 395000, 0, 2370000, 'admin', '2020-03-10 19:00:00', '2020-03-11 02:00:00'),
(2, 23, 'RTR-bbmkdr100320006', 'WIR0060', '', 5, 5, 370000, 15000, 1850000, 'admin', '2020-03-10 19:00:00', '2020-03-11 02:00:00'),
(3, 59, 'RTR-bbmkdr100320019', 'REN0069', '', 35, 35, 24500, 0, 857500, 'admin', '2020-03-10 19:00:00', '2020-03-11 02:00:00'),
(4, 60, 'RTR-bbmkdr100320019', 'CNP0021', '', 40, 40, 63000, 0, 2520000, 'admin', '2020-03-10 19:00:00', '2020-03-11 02:00:00'),
(5, 61, 'RTR-bbmkdr100320019', 'SKR0045', '', 500, 500, 150, 0, 75000, 'admin', '2020-03-10 19:00:00', '2020-03-11 02:00:00'),
(6, 62, 'RTR-bbmkdr100320019', 'WD0057', '', 20, 20, 4000, 0, 80000, 'admin', '2020-03-10 19:00:00', '2020-03-11 02:00:00'),
(7, 164, 'RTR-bbmkdr190320064', 'BES0006', '', 4, 4, 68000, 0, 272000, 'admin', '2020-03-18 17:00:00', '2020-03-19 00:00:00');

-- --------------------------------------------------------

--
-- Table structure for table `detail_stok_opname`
--

CREATE TABLE `detail_stok_opname` (
  `id` int(11) NOT NULL,
  `nomor_referensi` varchar(255) NOT NULL,
  `tanggal` datetime NOT NULL,
  `kode_barang` varchar(255) NOT NULL,
  `saldo_buku` double NOT NULL,
  `saldo_fisik` double NOT NULL,
  `selisih` double NOT NULL,
  `koreksi` double NOT NULL,
  `nomor_referensi_detail` varchar(255) NOT NULL,
  `user` varchar(255) NOT NULL
) ENGINE=InnoDB DEFAULT CHARSET=latin1;

--
-- Dumping data for table `detail_stok_opname`
--

INSERT INTO `detail_stok_opname` (`id`, `nomor_referensi`, `tanggal`, `kode_barang`, `saldo_buku`, `saldo_fisik`, `selisih`, `koreksi`, `nomor_referensi_detail`, `user`) VALUES
(1, 'REF7853409', '2020-03-12 00:00:00', 'BES0001', 10, 0, 10, 0, '', 'admin'),
(2, 'REF7853409', '2020-03-12 00:00:00', 'BES0002', 0, 0, 0, 0, '', 'admin'),
(3, 'REF7853409', '2020-03-12 00:00:00', 'BES0003', 1500, 0, 1500, 0, '', 'admin'),
(4, 'REF7853409', '2020-03-12 00:00:00', 'BES0004', 424, 0, 424, 0, '', 'admin'),
(5, 'REF7853409', '2020-03-12 00:00:00', 'BES0005', 940, 0, 940, 0, '', 'admin'),
(6, 'REF7853409', '2020-03-12 00:00:00', 'BES0006', 390, 0, 390, 0, '', 'admin'),
(7, 'REF7853409', '2020-03-12 00:00:00', 'BES0007', 0, 0, 0, 0, '', 'admin'),
(8, 'REF7853409', '2020-03-12 00:00:00', 'BES0008', 0, 0, 0, 0, '', 'admin'),
(9, 'REF7853409', '2020-03-12 00:00:00', 'BES0064', 0, 0, 0, 0, '', 'admin'),
(10, 'REF7853409', '2020-03-12 00:00:00', 'BES0065', 934, 0, 934, 0, '', 'admin'),
(11, 'REF7853409', '2020-03-12 00:00:00', 'BON0009', 3.5, 0, 3.5, 0, '', 'admin'),
(12, 'REF7853409', '2020-03-12 00:00:00', 'BON0010', 20, 0, 20, 0, '', 'admin'),
(13, 'REF7853409', '2020-03-12 00:00:00', 'BON0011', 12, 0, 12, 0, '', 'admin'),
(14, 'REF7853409', '2020-03-12 00:00:00', 'BON0012', 50, 0, 50, 0, '', 'admin'),
(15, 'REF7853409', '2020-03-12 00:00:00', 'BON0013', 20, 0, 20, 0, '', 'admin'),
(16, 'REF7853409', '2020-03-12 00:00:00', 'BON0014', 20, 0, 20, 0, '', 'admin'),
(17, 'REF7853409', '2020-03-12 00:00:00', 'BON0015', 50, 0, 50, 0, '', 'admin'),
(18, 'REF7853409', '2020-03-12 00:00:00', 'BON0016', 0, 0, 0, 0, '', 'admin'),
(19, 'REF7853409', '2020-03-12 00:00:00', 'CAT0085', 11, 0, 11, 0, '', 'admin'),
(20, 'REF7853409', '2020-03-12 00:00:00', 'CAT0086', 12, 0, 12, 0, '', 'admin'),
(21, 'REF7853409', '2020-03-12 00:00:00', 'CAT0087', 12, 0, 12, 0, '', 'admin'),
(22, 'REF7853409', '2020-03-12 00:00:00', 'CAT0088', 12, 0, 12, 0, '', 'admin'),
(23, 'REF7853409', '2020-03-12 00:00:00', 'CNP0017', 0, 0, 0, 0, '', 'admin'),
(24, 'REF7853409', '2020-03-12 00:00:00', 'CNP0018', 97, 0, 97, 0, '', 'admin'),
(25, 'REF7853409', '2020-03-12 00:00:00', 'CNP0019', 100, 0, 100, 0, '', 'admin'),
(26, 'REF7853409', '2020-03-12 00:00:00', 'CNP0020', 78, 0, 78, 0, '', 'admin'),
(27, 'REF7853409', '2020-03-12 00:00:00', 'CNP0021', 0, 0, 0, 0, '', 'admin'),
(28, 'REF7853409', '2020-03-12 00:00:00', 'CNP0022', 0, 0, 0, 0, '', 'admin'),
(29, 'REF7853409', '2020-03-12 00:00:00', 'DEM0023', 0, 0, 0, 0, '', 'admin'),
(30, 'REF7853409', '2020-03-12 00:00:00', 'DEM0024', 0, 0, 0, 0, '', 'admin'),
(31, 'REF7853409', '2020-03-12 00:00:00', 'DEM0025', 0, 0, 0, 0, '', 'admin'),
(32, 'REF7853409', '2020-03-12 00:00:00', 'DEM0026', 24, 0, 24, 0, '', 'admin'),
(33, 'REF7853409', '2020-03-12 00:00:00', 'DEM0027', 0, 0, 0, 0, '', 'admin'),
(34, 'REF7853409', '2020-03-12 00:00:00', 'DIN0028', 0, 0, 0, 0, '', 'admin'),
(35, 'REF7853409', '2020-03-12 00:00:00', 'DIN0029', 0, 0, 0, 0, '', 'admin'),
(36, 'REF7853409', '2020-03-12 00:00:00', 'DIN0030', 0, 0, 0, 0, '', 'admin'),
(37, 'REF7853409', '2020-03-12 00:00:00', 'DIN0031', 0, 0, 0, 0, '', 'admin'),
(38, 'REF7853409', '2020-03-12 00:00:00', 'DIN0032', 0, 0, 0, 0, '', 'admin'),
(39, 'REF7853409', '2020-03-12 00:00:00', 'ENG0073', 10, 0, 10, 0, '', 'admin'),
(40, 'REF7853409', '2020-03-12 00:00:00', 'ENG0074', 10, 0, 10, 0, '', 'admin'),
(41, 'REF7853409', '2020-03-12 00:00:00', 'ENG0075', 10, 0, 10, 0, '', 'admin'),
(42, 'REF7853409', '2020-03-12 00:00:00', 'ENG0076', 10, 0, 10, 0, '', 'admin'),
(43, 'REF7853409', '2020-03-12 00:00:00', 'ENG0100', 10, 0, 10, 0, '', 'admin'),
(44, 'REF7853409', '2020-03-12 00:00:00', 'FLA0096', 20, 0, 20, 0, '', 'admin'),
(45, 'REF7853409', '2020-03-12 00:00:00', 'GEN0033', 100, 0, 100, 0, '', 'admin'),
(46, 'REF7853409', '2020-03-12 00:00:00', 'GEN0034', 0, 0, 0, 0, '', 'admin'),
(47, 'REF7853409', '2020-03-12 00:00:00', 'GEN0035', 100, 0, 100, 0, '', 'admin'),
(48, 'REF7853409', '2020-03-12 00:00:00', 'GEN0036', 200, 0, 200, 0, '', 'admin'),
(49, 'REF7853409', '2020-03-12 00:00:00', 'GEN0063', 0, 0, 0, 0, '', 'admin'),
(50, 'REF7853409', '2020-03-12 00:00:00', 'HOL0037', 263, 0, 263, 0, '', 'admin'),
(51, 'REF7853409', '2020-03-12 00:00:00', 'HOL0038', 298, 0, 298, 0, '', 'admin'),
(52, 'REF7853409', '2020-03-12 00:00:00', 'KAW0040', 10, 0, 10, 0, '', 'admin'),
(53, 'REF7853409', '2020-03-12 00:00:00', 'KAW0041', 20, 0, 20, 0, '', 'admin'),
(54, 'REF7853409', '2020-03-12 00:00:00', 'KAW0042', 50, 0, 50, 0, '', 'admin'),
(55, 'REF7853409', '2020-03-12 00:00:00', 'KIN0043', 0, 0, 0, 0, '', 'admin'),
(56, 'REF7853409', '2020-03-12 00:00:00', 'KIN0044', 25, 0, 25, 0, '', 'admin'),
(57, 'REF7853409', '2020-03-12 00:00:00', 'KUN0079', 5, 0, 5, 0, '', 'admin'),
(58, 'REF7853409', '2020-03-12 00:00:00', 'KUN0080', 3, 0, 3, 0, '', 'admin'),
(59, 'REF7853409', '2020-03-12 00:00:00', 'LEM0082', 5, 0, 5, 0, '', 'admin'),
(60, 'REF7853409', '2020-03-12 00:00:00', 'LEM0083', 5, 0, 5, 0, '', 'admin'),
(61, 'REF7853409', '2020-03-12 00:00:00', 'LEM0084', 4, 0, 4, 0, '', 'admin'),
(62, 'REF7853409', '2020-03-12 00:00:00', 'MAT0081', 10, 0, 10, 0, '', 'admin'),
(63, 'REF7853409', '2020-03-12 00:00:00', 'MAT0097', 2, 0, 2, 0, '', 'admin'),
(64, 'REF7853409', '2020-03-12 00:00:00', 'MAT0098', 2, 0, 2, 0, '', 'admin'),
(65, 'REF7853409', '2020-03-12 00:00:00', 'MAT0099', 2, 0, 2, 0, '', 'admin'),
(66, 'REF7853409', '2020-03-12 00:00:00', 'NOK0066', 50, 0, 50, 0, '', 'admin'),
(67, 'REF7853409', '2020-03-12 00:00:00', 'NOK0067', 50, 0, 50, 0, '', 'admin'),
(68, 'REF7853409', '2020-03-12 00:00:00', 'NOK0068', 50, 0, 50, 0, '', 'admin'),
(69, 'REF7853409', '2020-03-12 00:00:00', 'PAK0077', 500, 0, 500, 0, '', 'admin'),
(70, 'REF7853409', '2020-03-12 00:00:00', 'PAK0078', 1000, 0, 1000, 0, '', 'admin'),
(71, 'REF7853409', '2020-03-12 00:00:00', 'PAK0091', 30, 0, 30, 0, '', 'admin'),
(72, 'REF7853409', '2020-03-12 00:00:00', 'PAK0092', 30, 0, 30, 0, '', 'admin'),
(73, 'REF7853409', '2020-03-12 00:00:00', 'PAK0093', 0, 0, 0, 0, '', 'admin'),
(74, 'REF7853409', '2020-03-12 00:00:00', 'PAK0094', 30, 0, 30, 0, '', 'admin'),
(75, 'REF7853409', '2020-03-12 00:00:00', 'PAK0095', 120, 0, 120, 0, '', 'admin'),
(76, 'REF7853409', '2020-03-12 00:00:00', 'PAP0039', 0, 0, 0, 0, '', 'admin'),
(77, 'REF7853409', '2020-03-12 00:00:00', 'REN0069', 365, 0, 365, 0, '', 'admin'),
(78, 'REF7853409', '2020-03-12 00:00:00', 'REN0070', 463, 0, 463, 0, '', 'admin'),
(79, 'REF7853409', '2020-03-12 00:00:00', 'ROF0071', 1000, 0, 1000, 0, '', 'admin'),
(80, 'REF7853409', '2020-03-12 00:00:00', 'ROF0072', 1440, 0, 1440, 0, '', 'admin'),
(81, 'REF7853409', '2020-03-12 00:00:00', 'SKR0045', 7500, 0, 7500, 0, '', 'admin'),
(82, 'REF7853409', '2020-03-12 00:00:00', 'SKR0046', 8900, 0, 8900, 0, '', 'admin'),
(83, 'REF7853409', '2020-03-12 00:00:00', 'SKR0047', 20000, 0, 20000, 0, '', 'admin'),
(84, 'REF7853409', '2020-03-12 00:00:00', 'SKR0048', 0, 0, 0, 0, '', 'admin'),
(85, 'REF7853409', '2020-03-12 00:00:00', 'SPA0049', 0, 0, 0, 0, '', 'admin'),
(86, 'REF7853409', '2020-03-12 00:00:00', 'SPA0050', 20, 0, 20, 0, '', 'admin'),
(87, 'REF7853409', '2020-03-12 00:00:00', 'SPA0051', 11, 0, 11, 0, '', 'admin'),
(88, 'REF7853409', '2020-03-12 00:00:00', 'SPA0052', 41, 0, 41, 0, '', 'admin'),
(89, 'REF7853409', '2020-03-12 00:00:00', 'SPA0053', 20, 0, 20, 0, '', 'admin'),
(90, 'REF7853409', '2020-03-12 00:00:00', 'SPA0054', 20, 0, 20, 0, '', 'admin'),
(91, 'REF7853409', '2020-03-12 00:00:00', 'SPA0055', 28, 19, 9, 0, '', 'admin'),
(92, 'REF7853409', '2020-03-12 00:00:00', 'SPA0056', 0, 0, 0, 0, '', 'admin'),
(93, 'REF7853409', '2020-03-12 00:00:00', 'TAN0089', 1, 0, 1, 0, '', 'admin'),
(94, 'REF7853409', '2020-03-12 00:00:00', 'THI0090', 10, 0, 10, 0, '', 'admin'),
(95, 'REF7853409', '2020-03-12 00:00:00', 'WD0057', 540, 0, 540, 0, '', 'admin'),
(96, 'REF7853409', '2020-03-12 00:00:00', 'WD0058', 0, 0, 0, 0, '', 'admin'),
(97, 'REF7853409', '2020-03-12 00:00:00', 'WIR0059', 0, 0, 0, 0, '', 'admin'),
(98, 'REF7853409', '2020-03-12 00:00:00', 'WIR0060', 70, 0, 70, 0, '', 'admin'),
(99, 'REF7853409', '2020-03-12 00:00:00', 'WIR0061', 100, 0, 100, 0, '', 'admin'),
(100, 'REF7853409', '2020-03-12 00:00:00', 'WIR0062', 0, 0, 0, 0, '', 'admin'),
(101, 'REF9576438', '2020-03-12 00:00:00', 'BES0001', 10, 0, 10, 0, '', 'admin'),
(102, 'REF9576438', '2020-03-12 00:00:00', 'BES0002', 0, 0, 0, 0, '', 'admin'),
(103, 'REF9576438', '2020-03-12 00:00:00', 'BES0003', 1500, 1000, 500, 0, '', 'admin'),
(104, 'REF9576438', '2020-03-12 00:00:00', 'BES0004', 420, 708, -288, 0, '', 'admin'),
(105, 'REF9576438', '2020-03-12 00:00:00', 'BES0005', 940, 950, -10, 0, '', 'admin'),
(106, 'REF9576438', '2020-03-12 00:00:00', 'BES0006', 390, 390, 0, 0, '', 'admin'),
(107, 'REF9576438', '2020-03-12 00:00:00', 'BES0007', 0, 0, 0, 0, '', 'admin'),
(108, 'REF9576438', '2020-03-12 00:00:00', 'BES0008', 0, 0, 0, 0, '', 'admin'),
(109, 'REF9576438', '2020-03-12 00:00:00', 'BES0064', 0, 0, 0, 0, '', 'admin'),
(110, 'REF9576438', '2020-03-12 00:00:00', 'BES0065', 933, 934, -1, 0, '', 'admin'),
(111, 'REF9576438', '2020-03-12 00:00:00', 'BON0009', 3.5, 0, 3.5, 0, '', 'admin'),
(112, 'REF9576438', '2020-03-12 00:00:00', 'BON0010', 20, 0, 20, 0, '', 'admin'),
(113, 'REF9576438', '2020-03-12 00:00:00', 'BON0011', 12, 18, -6, 0, '', 'admin'),
(114, 'REF9576438', '2020-03-12 00:00:00', 'BON0012', 50, 0, 50, 0, '', 'admin'),
(115, 'REF9576438', '2020-03-12 00:00:00', 'BON0013', 20, 0, 20, 0, '', 'admin'),
(116, 'REF9576438', '2020-03-12 00:00:00', 'BON0014', 20, 0, 20, 0, '', 'admin'),
(117, 'REF9576438', '2020-03-12 00:00:00', 'BON0015', 50, 0, 50, 0, '', 'admin'),
(118, 'REF9576438', '2020-03-12 00:00:00', 'BON0016', 0, 0, 0, 0, '', 'admin'),
(119, 'REF9576438', '2020-03-12 00:00:00', 'CAT0085', 11, 0, 11, 0, '', 'admin'),
(120, 'REF9576438', '2020-03-12 00:00:00', 'CAT0086', 12, 0, 12, 0, '', 'admin'),
(121, 'REF9576438', '2020-03-12 00:00:00', 'CAT0087', 12, 0, 12, 0, '', 'admin'),
(122, 'REF9576438', '2020-03-12 00:00:00', 'CAT0088', 12, 0, 12, 0, '', 'admin'),
(123, 'REF9576438', '2020-03-12 00:00:00', 'CNP0017', 0, 0, 0, 0, '', 'admin'),
(124, 'REF9576438', '2020-03-12 00:00:00', 'CNP0018', 97, 0, 97, 0, '', 'admin'),
(125, 'REF9576438', '2020-03-12 00:00:00', 'CNP0019', 100, 75, 25, 0, '', 'admin'),
(126, 'REF9576438', '2020-03-12 00:00:00', 'CNP0020', 78, 0, 78, 0, '', 'admin'),
(127, 'REF9576438', '2020-03-12 00:00:00', 'CNP0021', 0, 28, -28, 0, '', 'admin'),
(128, 'REF9576438', '2020-03-12 00:00:00', 'CNP0022', 0, 0, 0, 0, '', 'admin'),
(129, 'REF9576438', '2020-03-12 00:00:00', 'DEM0023', 0, 0, 0, 0, '', 'admin'),
(130, 'REF9576438', '2020-03-12 00:00:00', 'DEM0024', 0, 0, 0, 0, '', 'admin'),
(131, 'REF9576438', '2020-03-12 00:00:00', 'DEM0025', 0, 0, 0, 0, '', 'admin'),
(132, 'REF9576438', '2020-03-12 00:00:00', 'DEM0026', 24, 0, 24, 0, '', 'admin'),
(133, 'REF9576438', '2020-03-12 00:00:00', 'DEM0027', 0, 0, 0, 0, '', 'admin'),
(134, 'REF9576438', '2020-03-12 00:00:00', 'DIN0028', 0, 0, 0, 0, '', 'admin'),
(135, 'REF9576438', '2020-03-12 00:00:00', 'DIN0029', 0, 0, 0, 0, '', 'admin'),
(136, 'REF9576438', '2020-03-12 00:00:00', 'DIN0030', 0, 0, 0, 0, '', 'admin'),
(137, 'REF9576438', '2020-03-12 00:00:00', 'DIN0031', 0, 0, 0, 0, '', 'admin'),
(138, 'REF9576438', '2020-03-12 00:00:00', 'DIN0032', 0, 0, 0, 0, '', 'admin'),
(139, 'REF9576438', '2020-03-12 00:00:00', 'ENG0073', 10, 0, 10, 0, '', 'admin'),
(140, 'REF9576438', '2020-03-12 00:00:00', 'ENG0074', 10, 0, 10, 0, '', 'admin'),
(141, 'REF9576438', '2020-03-12 00:00:00', 'ENG0075', 10, 0, 10, 0, '', 'admin'),
(142, 'REF9576438', '2020-03-12 00:00:00', 'ENG0076', 10, 0, 10, 0, '', 'admin'),
(143, 'REF9576438', '2020-03-12 00:00:00', 'ENG0100', 10, 0, 10, 0, '', 'admin'),
(144, 'REF9576438', '2020-03-12 00:00:00', 'FLA0096', 20, 0, 20, 0, '', 'admin'),
(145, 'REF9576438', '2020-03-12 00:00:00', 'GEN0033', 100, 0, 100, 0, '', 'admin'),
(146, 'REF9576438', '2020-03-12 00:00:00', 'GEN0034', 0, 0, 0, 0, '', 'admin'),
(147, 'REF9576438', '2020-03-12 00:00:00', 'GEN0035', 100, 0, 100, 0, '', 'admin'),
(148, 'REF9576438', '2020-03-12 00:00:00', 'GEN0036', 200, 0, 200, 0, '', 'admin'),
(149, 'REF9576438', '2020-03-12 00:00:00', 'GEN0063', 0, 0, 0, 0, '', 'admin'),
(150, 'REF9576438', '2020-03-12 00:00:00', 'HOL0037', 263, 273, -10, 0, '', 'admin'),
(151, 'REF9576438', '2020-03-12 00:00:00', 'HOL0038', 298, 298, 0, 0, '', 'admin'),
(152, 'REF9576438', '2020-03-12 00:00:00', 'KAW0040', 10, 0, 10, 0, '', 'admin'),
(153, 'REF9576438', '2020-03-12 00:00:00', 'KAW0041', 20, 0, 20, 0, '', 'admin'),
(154, 'REF9576438', '2020-03-12 00:00:00', 'KAW0042', 49, 0, 49, 0, '', 'admin'),
(155, 'REF9576438', '2020-03-12 00:00:00', 'KIN0043', 0, 0, 0, 0, '', 'admin'),
(156, 'REF9576438', '2020-03-12 00:00:00', 'KIN0044', 25, 0, 25, 0, '', 'admin'),
(157, 'REF9576438', '2020-03-12 00:00:00', 'KUN0079', 5, 0, 5, 0, '', 'admin'),
(158, 'REF9576438', '2020-03-12 00:00:00', 'KUN0080', 3, 0, 3, 0, '', 'admin'),
(159, 'REF9576438', '2020-03-12 00:00:00', 'LEM0082', 5, 0, 5, 0, '', 'admin'),
(160, 'REF9576438', '2020-03-12 00:00:00', 'LEM0083', 5, 0, 5, 0, '', 'admin'),
(161, 'REF9576438', '2020-03-12 00:00:00', 'LEM0084', 4, 0, 4, 0, '', 'admin'),
(162, 'REF9576438', '2020-03-12 00:00:00', 'MAT0081', 10, 0, 10, 0, '', 'admin'),
(163, 'REF9576438', '2020-03-12 00:00:00', 'MAT0097', 2, 0, 2, 0, '', 'admin'),
(164, 'REF9576438', '2020-03-12 00:00:00', 'MAT0098', 2, 0, 2, 0, '', 'admin'),
(165, 'REF9576438', '2020-03-12 00:00:00', 'MAT0099', 2, 0, 2, 0, '', 'admin'),
(166, 'REF9576438', '2020-03-12 00:00:00', 'NOK0066', 50, 0, 50, 0, '', 'admin'),
(167, 'REF9576438', '2020-03-12 00:00:00', 'NOK0067', 50, 0, 50, 0, '', 'admin'),
(168, 'REF9576438', '2020-03-12 00:00:00', 'NOK0068', 50, 0, 50, 0, '', 'admin'),
(169, 'REF9576438', '2020-03-12 00:00:00', 'PAK0077', 500, 0, 500, 0, '', 'admin'),
(170, 'REF9576438', '2020-03-12 00:00:00', 'PAK0078', 1000, 0, 1000, 0, '', 'admin'),
(171, 'REF9576438', '2020-03-12 00:00:00', 'PAK0091', 30, 0, 30, 0, '', 'admin'),
(172, 'REF9576438', '2020-03-12 00:00:00', 'PAK0092', 30, 0, 30, 0, '', 'admin'),
(173, 'REF9576438', '2020-03-12 00:00:00', 'PAK0093', 0, 0, 0, 0, '', 'admin'),
(174, 'REF9576438', '2020-03-12 00:00:00', 'PAK0094', 30, 0, 30, 0, '', 'admin'),
(175, 'REF9576438', '2020-03-12 00:00:00', 'PAK0095', 120, 0, 120, 0, '', 'admin'),
(176, 'REF9576438', '2020-03-12 00:00:00', 'PAP0039', 0, 0, 0, 0, '', 'admin'),
(177, 'REF9576438', '2020-03-12 00:00:00', 'REN0069', 365, 400, -35, 0, '', 'admin'),
(178, 'REF9576438', '2020-03-12 00:00:00', 'REN0070', 463, 465, -2, 0, '', 'admin'),
(179, 'REF9576438', '2020-03-12 00:00:00', 'ROF0071', 1000, 0, 1000, 0, '', 'admin'),
(180, 'REF9576438', '2020-03-12 00:00:00', 'ROF0072', 1440, 0, 1440, 0, '', 'admin'),
(181, 'REF9576438', '2020-03-12 00:00:00', 'SKR0045', 7500, 8000, -500, 0, '', 'admin'),
(182, 'REF9576438', '2020-03-12 00:00:00', 'SKR0046', 8900, 7900, 1000, 0, '', 'admin'),
(183, 'REF9576438', '2020-03-12 00:00:00', 'SKR0047', 20000, 0, 20000, 0, '', 'admin'),
(184, 'REF9576438', '2020-03-12 00:00:00', 'SKR0048', 0, 0, 0, 0, '', 'admin'),
(185, 'REF9576438', '2020-03-12 00:00:00', 'SPA0049', 0, 0, 0, 0, '', 'admin'),
(186, 'REF9576438', '2020-03-12 00:00:00', 'SPA0050', 20, 0, 20, 0, '', 'admin'),
(187, 'REF9576438', '2020-03-12 00:00:00', 'SPA0051', 11, 0, 11, 0, '', 'admin'),
(188, 'REF9576438', '2020-03-12 00:00:00', 'SPA0052', 41, 0, 41, 0, '', 'admin'),
(189, 'REF9576438', '2020-03-12 00:00:00', 'SPA0053', 20, 0, 20, 0, '', 'admin'),
(190, 'REF9576438', '2020-03-12 00:00:00', 'SPA0054', 20, 0, 20, 0, '', 'admin'),
(191, 'REF9576438', '2020-03-12 00:00:00', 'SPA0055', 28, 0, 28, 0, '', 'admin'),
(192, 'REF9576438', '2020-03-12 00:00:00', 'SPA0056', 0, 0, 0, 0, '', 'admin'),
(193, 'REF9576438', '2020-03-12 00:00:00', 'TAN0089', 1, 0, 1, 0, '', 'admin'),
(194, 'REF9576438', '2020-03-12 00:00:00', 'THI0090', 10, 0, 10, 0, '', 'admin'),
(195, 'REF9576438', '2020-03-12 00:00:00', 'WD0057', 540, 0, 540, 0, '', 'admin'),
(196, 'REF9576438', '2020-03-12 00:00:00', 'WD0058', 0, 0, 0, 0, '', 'admin'),
(197, 'REF9576438', '2020-03-12 00:00:00', 'WIR0059', 0, 0, 0, 0, '', 'admin'),
(198, 'REF9576438', '2020-03-12 00:00:00', 'WIR0060', 70, 75, -5, 0, '', 'admin'),
(199, 'REF9576438', '2020-03-12 00:00:00', 'WIR0061', 100, 0, 100, 0, '', 'admin'),
(200, 'REF9576438', '2020-03-12 00:00:00', 'WIR0062', 0, 0, 0, 0, '', 'admin'),
(201, 'REF7293514', '2020-03-13 00:00:00', 'BES0001', 10, 0, 10, 0, '', 'admin'),
(202, 'REF7293514', '2020-03-13 00:00:00', 'BES0002', 0, 0, 0, 0, '', 'admin'),
(203, 'REF7293514', '2020-03-13 00:00:00', 'BES0003', 1500, 0, 1500, 0, '', 'admin'),
(204, 'REF7293514', '2020-03-13 00:00:00', 'BES0004', 408, 0, 408, 0, '', 'admin'),
(205, 'REF7293514', '2020-03-13 00:00:00', 'BES0005', 940, 0, 940, 0, '', 'admin'),
(206, 'REF7293514', '2020-03-13 00:00:00', 'BES0006', 390, 0, 390, 0, '', 'admin'),
(207, 'REF7293514', '2020-03-13 00:00:00', 'BES0007', 0, 0, 0, 0, '', 'admin'),
(208, 'REF7293514', '2020-03-13 00:00:00', 'BES0008', 0, 0, 0, 0, '', 'admin'),
(209, 'REF7293514', '2020-03-13 00:00:00', 'BES0064', 0, 0, 0, 0, '', 'admin'),
(210, 'REF7293514', '2020-03-13 00:00:00', 'BES0065', 929, 0, 929, 0, '', 'admin'),
(211, 'REF7293514', '2020-03-13 00:00:00', 'BON0009', 3.5, 0, 3.5, 0, '', 'admin'),
(212, 'REF7293514', '2020-03-13 00:00:00', 'BON0010', 20, 0, 20, 0, '', 'admin'),
(213, 'REF7293514', '2020-03-13 00:00:00', 'BON0011', 12, 18, -6, 0, '', 'admin'),
(214, 'REF7293514', '2020-03-13 00:00:00', 'BON0012', 50, 0, 50, 0, '', 'admin'),
(215, 'REF7293514', '2020-03-13 00:00:00', 'BON0013', 20, 0, 20, 0, '', 'admin'),
(216, 'REF7293514', '2020-03-13 00:00:00', 'BON0014', 20, 0, 20, 0, '', 'admin'),
(217, 'REF7293514', '2020-03-13 00:00:00', 'BON0015', 50, 0, 50, 0, '', 'admin'),
(218, 'REF7293514', '2020-03-13 00:00:00', 'BON0016', 0, 0, 0, 0, '', 'admin'),
(219, 'REF7293514', '2020-03-13 00:00:00', 'CAT0085', 11, 0, 11, 0, '', 'admin'),
(220, 'REF7293514', '2020-03-13 00:00:00', 'CAT0086', 12, 0, 12, 0, '', 'admin'),
(221, 'REF7293514', '2020-03-13 00:00:00', 'CAT0087', 12, 0, 12, 0, '', 'admin'),
(222, 'REF7293514', '2020-03-13 00:00:00', 'CAT0088', 12, 0, 12, 0, '', 'admin'),
(223, 'REF7293514', '2020-03-13 00:00:00', 'CNP0017', 0, 0, 0, 0, '', 'admin'),
(224, 'REF7293514', '2020-03-13 00:00:00', 'CNP0018', 97, 0, 97, 0, '', 'admin'),
(225, 'REF7293514', '2020-03-13 00:00:00', 'CNP0019', 100, 75, 25, 0, '', 'admin'),
(226, 'REF7293514', '2020-03-13 00:00:00', 'CNP0020', 64, 0, 64, 0, '', 'admin'),
(227, 'REF7293514', '2020-03-13 00:00:00', 'CNP0021', 0, 28, -28, 0, '', 'admin'),
(228, 'REF7293514', '2020-03-13 00:00:00', 'CNP0022', 0, 0, 0, 0, '', 'admin'),
(229, 'REF7293514', '2020-03-13 00:00:00', 'DEM0023', 0, 0, 0, 0, '', 'admin'),
(230, 'REF7293514', '2020-03-13 00:00:00', 'DEM0024', 0, 0, 0, 0, '', 'admin'),
(231, 'REF7293514', '2020-03-13 00:00:00', 'DEM0025', 0, 0, 0, 0, '', 'admin'),
(232, 'REF7293514', '2020-03-13 00:00:00', 'DEM0026', 24, 0, 24, 0, '', 'admin'),
(233, 'REF7293514', '2020-03-13 00:00:00', 'DEM0027', 0, 0, 0, 0, '', 'admin'),
(234, 'REF7293514', '2020-03-13 00:00:00', 'DIN0028', 0, 0, 0, 0, '', 'admin'),
(235, 'REF7293514', '2020-03-13 00:00:00', 'DIN0029', 0, 0, 0, 0, '', 'admin'),
(236, 'REF7293514', '2020-03-13 00:00:00', 'DIN0030', 0, 0, 0, 0, '', 'admin'),
(237, 'REF7293514', '2020-03-13 00:00:00', 'DIN0031', 0, 0, 0, 0, '', 'admin'),
(238, 'REF7293514', '2020-03-13 00:00:00', 'DIN0032', 0, 0, 0, 0, '', 'admin'),
(239, 'REF7293514', '2020-03-13 00:00:00', 'ENG0073', 10, 0, 10, 0, '', 'admin'),
(240, 'REF7293514', '2020-03-13 00:00:00', 'ENG0074', 10, 0, 10, 0, '', 'admin'),
(241, 'REF7293514', '2020-03-13 00:00:00', 'ENG0075', 10, 0, 10, 0, '', 'admin'),
(242, 'REF7293514', '2020-03-13 00:00:00', 'ENG0076', 10, 0, 10, 0, '', 'admin'),
(243, 'REF7293514', '2020-03-13 00:00:00', 'ENG0100', 10, 0, 10, 0, '', 'admin'),
(244, 'REF7293514', '2020-03-13 00:00:00', 'FLA0096', 20, 0, 20, 0, '', 'admin'),
(245, 'REF7293514', '2020-03-13 00:00:00', 'GEN0033', 100, 0, 100, 0, '', 'admin'),
(246, 'REF7293514', '2020-03-13 00:00:00', 'GEN0034', 0, 0, 0, 0, '', 'admin'),
(247, 'REF7293514', '2020-03-13 00:00:00', 'GEN0035', 100, 0, 100, 0, '', 'admin'),
(248, 'REF7293514', '2020-03-13 00:00:00', 'GEN0036', 200, 0, 200, 0, '', 'admin'),
(249, 'REF7293514', '2020-03-13 00:00:00', 'GEN0063', 0, 0, 0, 0, '', 'admin'),
(250, 'REF7293514', '2020-03-13 00:00:00', 'HOL0037', 233, 0, 233, 0, '', 'admin'),
(251, 'REF7293514', '2020-03-13 00:00:00', 'HOL0038', 278, 0, 278, 0, '', 'admin'),
(252, 'REF7293514', '2020-03-13 00:00:00', 'KAW0040', 10, 0, 10, 0, '', 'admin'),
(253, 'REF7293514', '2020-03-13 00:00:00', 'KAW0041', 20, 0, 20, 0, '', 'admin'),
(254, 'REF7293514', '2020-03-13 00:00:00', 'KAW0042', 49, 0, 49, 0, '', 'admin'),
(255, 'REF7293514', '2020-03-13 00:00:00', 'KIN0043', 0, 0, 0, 0, '', 'admin'),
(256, 'REF7293514', '2020-03-13 00:00:00', 'KIN0044', 25, 0, 25, 0, '', 'admin'),
(257, 'REF7293514', '2020-03-13 00:00:00', 'KUN0079', 5, 0, 5, 0, '', 'admin'),
(258, 'REF7293514', '2020-03-13 00:00:00', 'KUN0080', 3, 0, 3, 0, '', 'admin'),
(259, 'REF7293514', '2020-03-13 00:00:00', 'LEM0082', 5, 0, 5, 0, '', 'admin'),
(260, 'REF7293514', '2020-03-13 00:00:00', 'LEM0083', 5, 0, 5, 0, '', 'admin'),
(261, 'REF7293514', '2020-03-13 00:00:00', 'LEM0084', 3, 0, 3, 0, '', 'admin'),
(262, 'REF7293514', '2020-03-13 00:00:00', 'MAT0081', 10, 0, 10, 0, '', 'admin'),
(263, 'REF7293514', '2020-03-13 00:00:00', 'MAT0097', 2, 0, 2, 0, '', 'admin'),
(264, 'REF7293514', '2020-03-13 00:00:00', 'MAT0098', 2, 0, 2, 0, '', 'admin'),
(265, 'REF7293514', '2020-03-13 00:00:00', 'MAT0099', 2, 0, 2, 0, '', 'admin'),
(266, 'REF7293514', '2020-03-13 00:00:00', 'NOK0066', 50, 0, 50, 0, '', 'admin'),
(267, 'REF7293514', '2020-03-13 00:00:00', 'NOK0067', 50, 0, 50, 0, '', 'admin'),
(268, 'REF7293514', '2020-03-13 00:00:00', 'NOK0068', 50, 0, 50, 0, '', 'admin'),
(269, 'REF7293514', '2020-03-13 00:00:00', 'PAK0077', 500, 0, 500, 0, '', 'admin'),
(270, 'REF7293514', '2020-03-13 00:00:00', 'PAK0078', 1000, 0, 1000, 0, '', 'admin'),
(271, 'REF7293514', '2020-03-13 00:00:00', 'PAK0091', 30, 0, 30, 0, '', 'admin'),
(272, 'REF7293514', '2020-03-13 00:00:00', 'PAK0092', 30, 0, 30, 0, '', 'admin'),
(273, 'REF7293514', '2020-03-13 00:00:00', 'PAK0093', 0, 0, 0, 0, '', 'admin'),
(274, 'REF7293514', '2020-03-13 00:00:00', 'PAK0094', 30, 0, 30, 0, '', 'admin'),
(275, 'REF7293514', '2020-03-13 00:00:00', 'PAK0095', 120, 0, 120, 0, '', 'admin'),
(276, 'REF7293514', '2020-03-13 00:00:00', 'PAP0039', 0, 0, 0, 0, '', 'admin'),
(277, 'REF7293514', '2020-03-13 00:00:00', 'REN0069', 365, 0, 365, 0, '', 'admin'),
(278, 'REF7293514', '2020-03-13 00:00:00', 'REN0070', 463, 0, 463, 0, '', 'admin'),
(279, 'REF7293514', '2020-03-13 00:00:00', 'ROF0071', 1000, 0, 1000, 0, '', 'admin'),
(280, 'REF7293514', '2020-03-13 00:00:00', 'ROF0072', 1340, 0, 1340, 0, '', 'admin'),
(281, 'REF7293514', '2020-03-13 00:00:00', 'SKR0045', 7500, 0, 7500, 0, '', 'admin'),
(282, 'REF7293514', '2020-03-13 00:00:00', 'SKR0046', 8900, 0, 8900, 0, '', 'admin'),
(283, 'REF7293514', '2020-03-13 00:00:00', 'SKR0047', 20000, 0, 20000, 0, '', 'admin'),
(284, 'REF7293514', '2020-03-13 00:00:00', 'SKR0048', 0, 0, 0, 0, '', 'admin'),
(285, 'REF7293514', '2020-03-13 00:00:00', 'SPA0049', 0, 0, 0, 0, '', 'admin'),
(286, 'REF7293514', '2020-03-13 00:00:00', 'SPA0050', 20, 0, 20, 0, '', 'admin'),
(287, 'REF7293514', '2020-03-13 00:00:00', 'SPA0051', 11, 0, 11, 0, '', 'admin'),
(288, 'REF7293514', '2020-03-13 00:00:00', 'SPA0052', 33, 0, 33, 0, '', 'admin'),
(289, 'REF7293514', '2020-03-13 00:00:00', 'SPA0053', 20, 0, 20, 0, '', 'admin'),
(290, 'REF7293514', '2020-03-13 00:00:00', 'SPA0054', 20, 0, 20, 0, '', 'admin'),
(291, 'REF7293514', '2020-03-13 00:00:00', 'SPA0055', 28, 19, 9, 0, '', 'admin'),
(292, 'REF7293514', '2020-03-13 00:00:00', 'SPA0056', 0, 0, 0, 0, '', 'admin'),
(293, 'REF7293514', '2020-03-13 00:00:00', 'TAN0089', 1, 0, 1, 0, '', 'admin'),
(294, 'REF7293514', '2020-03-13 00:00:00', 'THI0090', 10, 0, 10, 0, '', 'admin'),
(295, 'REF7293514', '2020-03-13 00:00:00', 'WD0057', 540, 0, 540, 0, '', 'admin'),
(296, 'REF7293514', '2020-03-13 00:00:00', 'WD0058', 0, 0, 0, 0, '', 'admin'),
(297, 'REF7293514', '2020-03-13 00:00:00', 'WIR0059', 0, 0, 0, 0, '', 'admin'),
(298, 'REF7293514', '2020-03-13 00:00:00', 'WIR0060', 70, 75, -5, 0, '', 'admin'),
(299, 'REF7293514', '2020-03-13 00:00:00', 'WIR0061', 100, 0, 100, 0, '', 'admin'),
(300, 'REF7293514', '2020-03-13 00:00:00', 'WIR0062', 0, 0, 0, 0, '', 'admin'),
(301, 'REF0392451', '2020-03-13 00:00:00', 'BES0001', 10, 0, 10, 0, '', 'admin'),
(302, 'REF0392451', '2020-03-13 00:00:00', 'BES0002', 0, 0, 0, 0, '', 'admin'),
(303, 'REF0392451', '2020-03-13 00:00:00', 'BES0003', 1500, 1000, 500, 0, '', 'admin'),
(304, 'REF0392451', '2020-03-13 00:00:00', 'BES0004', 408, 683, -275, 0, '', 'admin'),
(305, 'REF0392451', '2020-03-13 00:00:00', 'BES0005', 940, 0, 940, 0, '', 'admin'),
(306, 'REF0392451', '2020-03-13 00:00:00', 'BES0006', 390, 0, 390, 0, '', 'admin'),
(307, 'REF0392451', '2020-03-13 00:00:00', 'BES0007', 0, 0, 0, 0, '', 'admin'),
(308, 'REF0392451', '2020-03-13 00:00:00', 'BES0008', 0, 0, 0, 0, '', 'admin'),
(309, 'REF0392451', '2020-03-13 00:00:00', 'BES0064', 0, 0, 0, 0, '', 'admin'),
(310, 'REF0392451', '2020-03-13 00:00:00', 'BES0065', 929, 0, 929, 0, '', 'admin'),
(311, 'REF0392451', '2020-03-13 00:00:00', 'BON0009', 3.5, 0, 3.5, 0, '', 'admin'),
(312, 'REF0392451', '2020-03-13 00:00:00', 'BON0010', 20, 0, 20, 0, '', 'admin'),
(313, 'REF0392451', '2020-03-13 00:00:00', 'BON0011', 12, 0, 12, 0, '', 'admin'),
(314, 'REF0392451', '2020-03-13 00:00:00', 'BON0012', 50, 0, 50, 0, '', 'admin'),
(315, 'REF0392451', '2020-03-13 00:00:00', 'BON0013', 20, 0, 20, 0, '', 'admin'),
(316, 'REF0392451', '2020-03-13 00:00:00', 'BON0014', 20, 0, 20, 0, '', 'admin'),
(317, 'REF0392451', '2020-03-13 00:00:00', 'BON0015', 50, 0, 50, 0, '', 'admin'),
(318, 'REF0392451', '2020-03-13 00:00:00', 'BON0016', 0, 0, 0, 0, '', 'admin'),
(319, 'REF0392451', '2020-03-13 00:00:00', 'CAT0085', 11, 0, 11, 0, '', 'admin'),
(320, 'REF0392451', '2020-03-13 00:00:00', 'CAT0086', 12, 0, 12, 0, '', 'admin'),
(321, 'REF0392451', '2020-03-13 00:00:00', 'CAT0087', 12, 0, 12, 0, '', 'admin'),
(322, 'REF0392451', '2020-03-13 00:00:00', 'CAT0088', 12, 0, 12, 0, '', 'admin'),
(323, 'REF0392451', '2020-03-13 00:00:00', 'CNP0017', 0, 0, 0, 0, '', 'admin'),
(324, 'REF0392451', '2020-03-13 00:00:00', 'CNP0018', 97, 0, 97, 0, '', 'admin'),
(325, 'REF0392451', '2020-03-13 00:00:00', 'CNP0019', 100, 0, 100, 0, '', 'admin'),
(326, 'REF0392451', '2020-03-13 00:00:00', 'CNP0020', 64, 0, 64, 0, '', 'admin'),
(327, 'REF0392451', '2020-03-13 00:00:00', 'CNP0021', 0, 0, 0, 0, '', 'admin'),
(328, 'REF0392451', '2020-03-13 00:00:00', 'CNP0022', 0, 0, 0, 0, '', 'admin'),
(329, 'REF0392451', '2020-03-13 00:00:00', 'DEM0023', 0, 0, 0, 0, '', 'admin'),
(330, 'REF0392451', '2020-03-13 00:00:00', 'DEM0024', 0, 0, 0, 0, '', 'admin'),
(331, 'REF0392451', '2020-03-13 00:00:00', 'DEM0025', 0, 0, 0, 0, '', 'admin'),
(332, 'REF0392451', '2020-03-13 00:00:00', 'DEM0026', 24, 0, 24, 0, '', 'admin'),
(333, 'REF0392451', '2020-03-13 00:00:00', 'DEM0027', 0, 0, 0, 0, '', 'admin'),
(334, 'REF0392451', '2020-03-13 00:00:00', 'DIN0028', 0, 0, 0, 0, '', 'admin'),
(335, 'REF0392451', '2020-03-13 00:00:00', 'DIN0029', 0, 0, 0, 0, '', 'admin'),
(336, 'REF0392451', '2020-03-13 00:00:00', 'DIN0030', 0, 0, 0, 0, '', 'admin'),
(337, 'REF0392451', '2020-03-13 00:00:00', 'DIN0031', 0, 0, 0, 0, '', 'admin'),
(338, 'REF0392451', '2020-03-13 00:00:00', 'DIN0032', 0, 0, 0, 0, '', 'admin'),
(339, 'REF0392451', '2020-03-13 00:00:00', 'ENG0073', 10, 0, 10, 0, '', 'admin'),
(340, 'REF0392451', '2020-03-13 00:00:00', 'ENG0074', 10, 0, 10, 0, '', 'admin'),
(341, 'REF0392451', '2020-03-13 00:00:00', 'ENG0075', 10, 0, 10, 0, '', 'admin'),
(342, 'REF0392451', '2020-03-13 00:00:00', 'ENG0076', 10, 0, 10, 0, '', 'admin'),
(343, 'REF0392451', '2020-03-13 00:00:00', 'ENG0100', 10, 0, 10, 0, '', 'admin'),
(344, 'REF0392451', '2020-03-13 00:00:00', 'FLA0096', 20, 0, 20, 0, '', 'admin'),
(345, 'REF0392451', '2020-03-13 00:00:00', 'GEN0033', 100, 0, 100, 0, '', 'admin'),
(346, 'REF0392451', '2020-03-13 00:00:00', 'GEN0034', 0, 0, 0, 0, '', 'admin'),
(347, 'REF0392451', '2020-03-13 00:00:00', 'GEN0035', 100, 0, 100, 0, '', 'admin'),
(348, 'REF0392451', '2020-03-13 00:00:00', 'GEN0036', 200, 0, 200, 0, '', 'admin'),
(349, 'REF0392451', '2020-03-13 00:00:00', 'GEN0063', 0, 0, 0, 0, '', 'admin'),
(350, 'REF0392451', '2020-03-13 00:00:00', 'HOL0037', 233, 0, 233, 0, '', 'admin'),
(351, 'REF0392451', '2020-03-13 00:00:00', 'HOL0038', 278, 0, 278, 0, '', 'admin'),
(352, 'REF0392451', '2020-03-13 00:00:00', 'KAW0040', 10, 0, 10, 0, '', 'admin'),
(353, 'REF0392451', '2020-03-13 00:00:00', 'KAW0041', 20, 0, 20, 0, '', 'admin'),
(354, 'REF0392451', '2020-03-13 00:00:00', 'KAW0042', 49, 0, 49, 0, '', 'admin'),
(355, 'REF0392451', '2020-03-13 00:00:00', 'KIN0043', 0, 0, 0, 0, '', 'admin'),
(356, 'REF0392451', '2020-03-13 00:00:00', 'KIN0044', 25, 0, 25, 0, '', 'admin'),
(357, 'REF0392451', '2020-03-13 00:00:00', 'KUN0079', 5, 0, 5, 0, '', 'admin'),
(358, 'REF0392451', '2020-03-13 00:00:00', 'KUN0080', 3, 0, 3, 0, '', 'admin'),
(359, 'REF0392451', '2020-03-13 00:00:00', 'LEM0082', 5, 0, 5, 0, '', 'admin'),
(360, 'REF0392451', '2020-03-13 00:00:00', 'LEM0083', 5, 0, 5, 0, '', 'admin'),
(361, 'REF0392451', '2020-03-13 00:00:00', 'LEM0084', 3, 0, 3, 0, '', 'admin'),
(362, 'REF0392451', '2020-03-13 00:00:00', 'MAT0081', 10, 0, 10, 0, '', 'admin'),
(363, 'REF0392451', '2020-03-13 00:00:00', 'MAT0097', 2, 0, 2, 0, '', 'admin'),
(364, 'REF0392451', '2020-03-13 00:00:00', 'MAT0098', 2, 0, 2, 0, '', 'admin'),
(365, 'REF0392451', '2020-03-13 00:00:00', 'MAT0099', 2, 0, 2, 0, '', 'admin'),
(366, 'REF0392451', '2020-03-13 00:00:00', 'NOK0066', 50, 0, 50, 0, '', 'admin'),
(367, 'REF0392451', '2020-03-13 00:00:00', 'NOK0067', 50, 0, 50, 0, '', 'admin'),
(368, 'REF0392451', '2020-03-13 00:00:00', 'NOK0068', 50, 0, 50, 0, '', 'admin'),
(369, 'REF0392451', '2020-03-13 00:00:00', 'PAK0077', 500, 0, 500, 0, '', 'admin'),
(370, 'REF0392451', '2020-03-13 00:00:00', 'PAK0078', 1000, 0, 1000, 0, '', 'admin'),
(371, 'REF0392451', '2020-03-13 00:00:00', 'PAK0091', 30, 0, 30, 0, '', 'admin'),
(372, 'REF0392451', '2020-03-13 00:00:00', 'PAK0092', 30, 0, 30, 0, '', 'admin'),
(373, 'REF0392451', '2020-03-13 00:00:00', 'PAK0093', 0, 0, 0, 0, '', 'admin'),
(374, 'REF0392451', '2020-03-13 00:00:00', 'PAK0094', 30, 0, 30, 0, '', 'admin'),
(375, 'REF0392451', '2020-03-13 00:00:00', 'PAK0095', 120, 0, 120, 0, '', 'admin'),
(376, 'REF0392451', '2020-03-13 00:00:00', 'PAP0039', 0, 0, 0, 0, '', 'admin'),
(377, 'REF0392451', '2020-03-13 00:00:00', 'REN0069', 365, 0, 365, 0, '', 'admin'),
(378, 'REF0392451', '2020-03-13 00:00:00', 'REN0070', 463, 0, 463, 0, '', 'admin'),
(379, 'REF0392451', '2020-03-13 00:00:00', 'ROF0071', 1000, 0, 1000, 0, '', 'admin'),
(380, 'REF0392451', '2020-03-13 00:00:00', 'ROF0072', 1340, 0, 1340, 0, '', 'admin'),
(381, 'REF0392451', '2020-03-13 00:00:00', 'SKR0045', 7500, 0, 7500, 0, '', 'admin'),
(382, 'REF0392451', '2020-03-13 00:00:00', 'SKR0046', 8900, 0, 8900, 0, '', 'admin'),
(383, 'REF0392451', '2020-03-13 00:00:00', 'SKR0047', 20000, 0, 20000, 0, '', 'admin'),
(384, 'REF0392451', '2020-03-13 00:00:00', 'SKR0048', 0, 0, 0, 0, '', 'admin'),
(385, 'REF0392451', '2020-03-13 00:00:00', 'SPA0049', 0, 0, 0, 0, '', 'admin'),
(386, 'REF0392451', '2020-03-13 00:00:00', 'SPA0050', 20, 0, 20, 0, '', 'admin'),
(387, 'REF0392451', '2020-03-13 00:00:00', 'SPA0051', 11, 0, 11, 0, '', 'admin'),
(388, 'REF0392451', '2020-03-13 00:00:00', 'SPA0052', 33, 0, 33, 0, '', 'admin'),
(389, 'REF0392451', '2020-03-13 00:00:00', 'SPA0053', 20, 0, 20, 0, '', 'admin'),
(390, 'REF0392451', '2020-03-13 00:00:00', 'SPA0054', 20, 0, 20, 0, '', 'admin'),
(391, 'REF0392451', '2020-03-13 00:00:00', 'SPA0055', 28, 0, 28, 0, '', 'admin'),
(392, 'REF0392451', '2020-03-13 00:00:00', 'SPA0056', 0, 0, 0, 0, '', 'admin'),
(393, 'REF0392451', '2020-03-13 00:00:00', 'TAN0089', 1, 0, 1, 0, '', 'admin'),
(394, 'REF0392451', '2020-03-13 00:00:00', 'THI0090', 10, 0, 10, 0, '', 'admin'),
(395, 'REF0392451', '2020-03-13 00:00:00', 'WD0057', 540, 0, 540, 0, '', 'admin'),
(396, 'REF0392451', '2020-03-13 00:00:00', 'WD0058', 0, 0, 0, 0, '', 'admin'),
(397, 'REF0392451', '2020-03-13 00:00:00', 'WIR0059', 0, 0, 0, 0, '', 'admin'),
(398, 'REF0392451', '2020-03-13 00:00:00', 'WIR0060', 70, 0, 70, 0, '', 'admin'),
(399, 'REF0392451', '2020-03-13 00:00:00', 'WIR0061', 100, 0, 100, 0, '', 'admin'),
(400, 'REF0392451', '2020-03-13 00:00:00', 'WIR0062', 0, 0, 0, 0, '', 'admin'),
(401, 'REF2367498', '2020-03-13 00:00:00', 'BES0001', 10, 0, 10, 0, '', 'admin'),
(402, 'REF2367498', '2020-03-13 00:00:00', 'BES0002', 0, 0, 0, 0, '', 'admin'),
(403, 'REF2367498', '2020-03-13 00:00:00', 'BES0003', 1500, 1000, 500, 0, '', 'admin'),
(404, 'REF2367498', '2020-03-13 00:00:00', 'BES0004', 408, 0, 408, 0, '', 'admin'),
(405, 'REF2367498', '2020-03-13 00:00:00', 'BES0005', 940, 0, 940, 0, '', 'admin'),
(406, 'REF2367498', '2020-03-13 00:00:00', 'BES0006', 390, 0, 390, 0, '', 'admin'),
(407, 'REF2367498', '2020-03-13 00:00:00', 'BES0007', 0, 0, 0, 0, '', 'admin'),
(408, 'REF2367498', '2020-03-13 00:00:00', 'BES0008', 0, 0, 0, 0, '', 'admin'),
(409, 'REF2367498', '2020-03-13 00:00:00', 'BES0064', 0, 0, 0, 0, '', 'admin'),
(410, 'REF2367498', '2020-03-13 00:00:00', 'BES0065', 929, 0, 929, 0, '', 'admin'),
(411, 'REF2367498', '2020-03-13 00:00:00', 'BON0009', 3.5, 0, 3.5, 0, '', 'admin'),
(412, 'REF2367498', '2020-03-13 00:00:00', 'BON0010', 20, 0, 20, 0, '', 'admin'),
(413, 'REF2367498', '2020-03-13 00:00:00', 'BON0011', 12, 0, 12, 0, '', 'admin'),
(414, 'REF2367498', '2020-03-13 00:00:00', 'BON0012', 50, 0, 50, 0, '', 'admin'),
(415, 'REF2367498', '2020-03-13 00:00:00', 'BON0013', 20, 0, 20, 0, '', 'admin'),
(416, 'REF2367498', '2020-03-13 00:00:00', 'BON0014', 20, 0, 20, 0, '', 'admin'),
(417, 'REF2367498', '2020-03-13 00:00:00', 'BON0015', 50, 0, 50, 0, '', 'admin'),
(418, 'REF2367498', '2020-03-13 00:00:00', 'BON0016', 0, 0, 0, 0, '', 'admin'),
(419, 'REF2367498', '2020-03-13 00:00:00', 'CAT0085', 11, 0, 11, 0, '', 'admin'),
(420, 'REF2367498', '2020-03-13 00:00:00', 'CAT0086', 12, 0, 12, 0, '', 'admin'),
(421, 'REF2367498', '2020-03-13 00:00:00', 'CAT0087', 12, 0, 12, 0, '', 'admin'),
(422, 'REF2367498', '2020-03-13 00:00:00', 'CAT0088', 12, 0, 12, 0, '', 'admin'),
(423, 'REF2367498', '2020-03-13 00:00:00', 'CNP0017', 0, 0, 0, 0, '', 'admin'),
(424, 'REF2367498', '2020-03-13 00:00:00', 'CNP0018', 97, 0, 97, 0, '', 'admin'),
(425, 'REF2367498', '2020-03-13 00:00:00', 'CNP0019', 100, 0, 100, 0, '', 'admin'),
(426, 'REF2367498', '2020-03-13 00:00:00', 'CNP0020', 64, 0, 64, 0, '', 'admin'),
(427, 'REF2367498', '2020-03-13 00:00:00', 'CNP0021', 0, 0, 0, 0, '', 'admin'),
(428, 'REF2367498', '2020-03-13 00:00:00', 'CNP0022', 0, 0, 0, 0, '', 'admin'),
(429, 'REF2367498', '2020-03-13 00:00:00', 'DEM0023', 0, 0, 0, 0, '', 'admin'),
(430, 'REF2367498', '2020-03-13 00:00:00', 'DEM0024', 0, 0, 0, 0, '', 'admin'),
(431, 'REF2367498', '2020-03-13 00:00:00', 'DEM0025', 0, 0, 0, 0, '', 'admin'),
(432, 'REF2367498', '2020-03-13 00:00:00', 'DEM0026', 24, 0, 24, 0, '', 'admin'),
(433, 'REF2367498', '2020-03-13 00:00:00', 'DEM0027', 0, 0, 0, 0, '', 'admin'),
(434, 'REF2367498', '2020-03-13 00:00:00', 'DIN0028', 0, 0, 0, 0, '', 'admin'),
(435, 'REF2367498', '2020-03-13 00:00:00', 'DIN0029', 0, 0, 0, 0, '', 'admin'),
(436, 'REF2367498', '2020-03-13 00:00:00', 'DIN0030', 0, 0, 0, 0, '', 'admin'),
(437, 'REF2367498', '2020-03-13 00:00:00', 'DIN0031', 0, 0, 0, 0, '', 'admin'),
(438, 'REF2367498', '2020-03-13 00:00:00', 'DIN0032', 0, 0, 0, 0, '', 'admin'),
(439, 'REF2367498', '2020-03-13 00:00:00', 'ENG0073', 10, 0, 10, 0, '', 'admin'),
(440, 'REF2367498', '2020-03-13 00:00:00', 'ENG0074', 10, 0, 10, 0, '', 'admin'),
(441, 'REF2367498', '2020-03-13 00:00:00', 'ENG0075', 10, 0, 10, 0, '', 'admin'),
(442, 'REF2367498', '2020-03-13 00:00:00', 'ENG0076', 10, 0, 10, 0, '', 'admin'),
(443, 'REF2367498', '2020-03-13 00:00:00', 'ENG0100', 10, 0, 10, 0, '', 'admin'),
(444, 'REF2367498', '2020-03-13 00:00:00', 'FLA0096', 20, 0, 20, 0, '', 'admin'),
(445, 'REF2367498', '2020-03-13 00:00:00', 'GEN0033', 100, 0, 100, 0, '', 'admin'),
(446, 'REF2367498', '2020-03-13 00:00:00', 'GEN0034', 0, 0, 0, 0, '', 'admin'),
(447, 'REF2367498', '2020-03-13 00:00:00', 'GEN0035', 100, 0, 100, 0, '', 'admin'),
(448, 'REF2367498', '2020-03-13 00:00:00', 'GEN0036', 200, 0, 200, 0, '', 'admin'),
(449, 'REF2367498', '2020-03-13 00:00:00', 'GEN0063', 0, 0, 0, 0, '', 'admin'),
(450, 'REF2367498', '2020-03-13 00:00:00', 'HOL0037', 233, 0, 233, 0, '', 'admin'),
(451, 'REF2367498', '2020-03-13 00:00:00', 'HOL0038', 278, 0, 278, 0, '', 'admin'),
(452, 'REF2367498', '2020-03-13 00:00:00', 'KAW0040', 10, 0, 10, 0, '', 'admin'),
(453, 'REF2367498', '2020-03-13 00:00:00', 'KAW0041', 20, 0, 20, 0, '', 'admin'),
(454, 'REF2367498', '2020-03-13 00:00:00', 'KAW0042', 49, 0, 49, 0, '', 'admin'),
(455, 'REF2367498', '2020-03-13 00:00:00', 'KIN0043', 0, 0, 0, 0, '', 'admin'),
(456, 'REF2367498', '2020-03-13 00:00:00', 'KIN0044', 25, 0, 25, 0, '', 'admin'),
(457, 'REF2367498', '2020-03-13 00:00:00', 'KUN0079', 5, 0, 5, 0, '', 'admin'),
(458, 'REF2367498', '2020-03-13 00:00:00', 'KUN0080', 3, 0, 3, 0, '', 'admin'),
(459, 'REF2367498', '2020-03-13 00:00:00', 'LEM0082', 5, 0, 5, 0, '', 'admin'),
(460, 'REF2367498', '2020-03-13 00:00:00', 'LEM0083', 5, 0, 5, 0, '', 'admin'),
(461, 'REF2367498', '2020-03-13 00:00:00', 'LEM0084', 3, 0, 3, 0, '', 'admin'),
(462, 'REF2367498', '2020-03-13 00:00:00', 'MAT0081', 10, 0, 10, 0, '', 'admin'),
(463, 'REF2367498', '2020-03-13 00:00:00', 'MAT0097', 2, 0, 2, 0, '', 'admin'),
(464, 'REF2367498', '2020-03-13 00:00:00', 'MAT0098', 2, 0, 2, 0, '', 'admin'),
(465, 'REF2367498', '2020-03-13 00:00:00', 'MAT0099', 2, 0, 2, 0, '', 'admin'),
(466, 'REF2367498', '2020-03-13 00:00:00', 'NOK0066', 50, 0, 50, 0, '', 'admin'),
(467, 'REF2367498', '2020-03-13 00:00:00', 'NOK0067', 50, 0, 50, 0, '', 'admin'),
(468, 'REF2367498', '2020-03-13 00:00:00', 'NOK0068', 50, 0, 50, 0, '', 'admin'),
(469, 'REF2367498', '2020-03-13 00:00:00', 'PAK0077', 500, 0, 500, 0, '', 'admin'),
(470, 'REF2367498', '2020-03-13 00:00:00', 'PAK0078', 1000, 0, 1000, 0, '', 'admin'),
(471, 'REF2367498', '2020-03-13 00:00:00', 'PAK0091', 30, 0, 30, 0, '', 'admin'),
(472, 'REF2367498', '2020-03-13 00:00:00', 'PAK0092', 30, 0, 30, 0, '', 'admin'),
(473, 'REF2367498', '2020-03-13 00:00:00', 'PAK0093', 0, 0, 0, 0, '', 'admin'),
(474, 'REF2367498', '2020-03-13 00:00:00', 'PAK0094', 30, 0, 30, 0, '', 'admin'),
(475, 'REF2367498', '2020-03-13 00:00:00', 'PAK0095', 120, 0, 120, 0, '', 'admin'),
(476, 'REF2367498', '2020-03-13 00:00:00', 'PAP0039', 0, 0, 0, 0, '', 'admin'),
(477, 'REF2367498', '2020-03-13 00:00:00', 'REN0069', 365, 0, 365, 0, '', 'admin'),
(478, 'REF2367498', '2020-03-13 00:00:00', 'REN0070', 463, 0, 463, 0, '', 'admin'),
(479, 'REF2367498', '2020-03-13 00:00:00', 'ROF0071', 1000, 0, 1000, 0, '', 'admin'),
(480, 'REF2367498', '2020-03-13 00:00:00', 'ROF0072', 1340, 0, 1340, 0, '', 'admin'),
(481, 'REF2367498', '2020-03-13 00:00:00', 'SKR0045', 7500, 0, 7500, 0, '', 'admin'),
(482, 'REF2367498', '2020-03-13 00:00:00', 'SKR0046', 8900, 0, 8900, 0, '', 'admin'),
(483, 'REF2367498', '2020-03-13 00:00:00', 'SKR0047', 20000, 0, 20000, 0, '', 'admin'),
(484, 'REF2367498', '2020-03-13 00:00:00', 'SKR0048', 0, 0, 0, 0, '', 'admin'),
(485, 'REF2367498', '2020-03-13 00:00:00', 'SPA0049', 0, 0, 0, 0, '', 'admin'),
(486, 'REF2367498', '2020-03-13 00:00:00', 'SPA0050', 20, 0, 20, 0, '', 'admin'),
(487, 'REF2367498', '2020-03-13 00:00:00', 'SPA0051', 11, 0, 11, 0, '', 'admin'),
(488, 'REF2367498', '2020-03-13 00:00:00', 'SPA0052', 33, 0, 33, 0, '', 'admin'),
(489, 'REF2367498', '2020-03-13 00:00:00', 'SPA0053', 20, 0, 20, 0, '', 'admin'),
(490, 'REF2367498', '2020-03-13 00:00:00', 'SPA0054', 20, 0, 20, 0, '', 'admin'),
(491, 'REF2367498', '2020-03-13 00:00:00', 'SPA0055', 28, 0, 28, 0, '', 'admin'),
(492, 'REF2367498', '2020-03-13 00:00:00', 'SPA0056', 0, 0, 0, 0, '', 'admin'),
(493, 'REF2367498', '2020-03-13 00:00:00', 'TAN0089', 1, 0, 1, 0, '', 'admin'),
(494, 'REF2367498', '2020-03-13 00:00:00', 'THI0090', 10, 0, 10, 0, '', 'admin'),
(495, 'REF2367498', '2020-03-13 00:00:00', 'WD0057', 540, 0, 540, 0, '', 'admin'),
(496, 'REF2367498', '2020-03-13 00:00:00', 'WD0058', 0, 0, 0, 0, '', 'admin'),
(497, 'REF2367498', '2020-03-13 00:00:00', 'WIR0059', 0, 0, 0, 0, '', 'admin'),
(498, 'REF2367498', '2020-03-13 00:00:00', 'WIR0060', 70, 0, 70, 0, '', 'admin'),
(499, 'REF2367498', '2020-03-13 00:00:00', 'WIR0061', 100, 0, 100, 0, '', 'admin'),
(500, 'REF2367498', '2020-03-13 00:00:00', 'WIR0062', 0, 0, 0, 0, '', 'admin');

-- --------------------------------------------------------

--
-- Table structure for table `detail_utang`
--

CREATE TABLE `detail_utang` (
  `id` int(11) NOT NULL,
  `nomor_transaksi` varchar(255) NOT NULL,
  `nominal_pembayaran` double NOT NULL,
  `sisa_utang` double NOT NULL,
  `tanggal` datetime NOT NULL,
  `user` varchar(255) NOT NULL,
  `bukti` varchar(255) NOT NULL,
  `keterangan` varchar(255) NOT NULL,
  `timestamp` timestamp NOT NULL DEFAULT current_timestamp() ON UPDATE current_timestamp()
) ENGINE=InnoDB DEFAULT CHARSET=latin1;

--
-- Dumping data for table `detail_utang`
--

INSERT INTO `detail_utang` (`id`, `nomor_transaksi`, `nominal_pembayaran`, `sisa_utang`, `tanggal`, `user`, `bukti`, `keterangan`, `timestamp`) VALUES
(1, '01ad2002000185', 0, 73806500, '2020-02-20 12:42:42', 'admin', '1', 'Down Payment', '2020-03-11 07:30:55'),
(2, '02ad2002000184', 0, 73806500, '2020-03-09 12:46:07', 'admin', '1', 'Down Payment', '2020-03-09 05:46:07'),
(3, '03ad2003000002', 0, 59100000, '2020-03-09 12:48:42', 'admin', '1', 'Down Payment', '2020-03-09 05:48:42'),
(4, '041ad2003000003', 0, 1650000, '2020-03-09 13:20:44', 'admin', '1', 'Down Payment', '2020-03-09 06:20:44'),
(5, '05ad2003000010', 0, 85100000, '2020-03-09 13:32:23', 'admin', '1', 'Down Payment', '2020-03-09 06:32:23'),
(6, '06ad2003000017', 0, 7992000, '2020-03-09 14:56:38', 'admin', '1', 'Down Payment', '2020-03-09 07:56:38'),
(7, '07ad2003000046', 0, 13500000, '2020-03-09 15:15:35', 'admin', '1', 'Down Payment', '2020-03-09 08:15:35'),
(8, '04ad200300003', 0, 47150000, '2020-03-09 15:30:35', 'admin', '1', 'Down Payment', '2020-03-09 08:30:35'),
(9, '08ad2003000055', 0, 17969260, '2020-03-09 17:33:09', 'admin', '1', 'Down Payment', '2020-03-09 10:33:09'),
(10, '09ad200300017', 0, 1190000, '2020-03-10 11:24:05', 'admin', '1', 'Down Payment', '2020-03-10 04:24:05'),
(11, 'ad2003000069', 0, 2793030, '2020-03-10 12:09:18', 'admin', '1', 'Down Payment', '2020-03-10 05:09:18'),
(12, 'ad2003000076', 0, 1877500, '2020-03-11 11:56:23', 'admin', '1', 'Down Payment', '2020-03-11 04:56:23'),
(13, 'refad2003000069', 0, 1170000, '2020-03-11 12:41:10', 'admin', '1', 'Down Payment', '2020-03-11 05:41:10'),
(14, 'refad2003000055', 0, 285000, '2020-03-11 12:47:03', 'admin', '1', 'Down Payment', '2020-03-11 05:47:03'),
(15, '06ad2003000017', 1190000, 6802000, '2020-03-11 00:00:00', 'admin', '', 'retur barang skrup', '2020-03-11 06:02:54'),
(16, '01ad2002000185', 779000, 73027500, '2020-02-29 00:00:00', 'admin', '', 'retur besi 6 hbb 41 btg', '2020-03-11 06:20:28'),
(17, '01ad2002000185', 1211240, 71816260, '2020-03-03 00:00:00', 'admin', '', 'trf BCA 1', '2020-03-11 06:22:06'),
(18, '01ad2002000185', 1275400, 70540860, '2020-03-04 00:00:00', 'admin', '', 'trf BCA 2', '2020-03-11 06:22:41'),
(19, '01ad2002000185', 1410700, 69130160, '2020-03-06 00:00:00', 'admin', '', 'TRF BCA 3', '2020-03-11 06:23:27'),
(20, '01ad2002000185', 189000, 68941160, '2020-03-07 00:00:00', 'admin', '', 'CASH', '2020-03-11 06:24:59'),
(21, '01ad2002000185', 9860469, 59080691, '2020-03-08 00:00:00', 'admin', '', 'TRF BCA', '2020-03-11 06:25:48'),
(22, '01ad2002000185', 3492890, 55587801, '2020-03-09 00:00:00', 'admin', '', 'CASH ', '2020-03-11 06:26:40'),
(23, '01ad2002000185', 4162620, 51425181, '2020-03-10 00:00:00', 'admin', '', 'CASH', '2020-03-11 06:28:47'),
(24, '01ad2002000185', 2891000, 48534181, '2020-03-11 00:00:00', 'admin', '', 'trf bri', '2020-03-12 09:35:29'),
(25, 'ad2003000102', 0, 16047000, '2020-03-14 14:56:57', 'admin', '1', 'Down Payment', '2020-03-14 07:56:57'),
(27, '01ad2002000185', 3250724, 44322022, '2020-03-13 00:00:00', 'admin', '', 'trf bca', '2020-03-15 09:04:52'),
(28, '01ad2002000185', 2023400, 42298622, '2020-03-14 00:00:00', 'admin', '', 'trf bca', '2020-03-15 09:05:36'),
(30, '01ad2002000185', 961435, 42298622, '2020-03-12 00:00:00', 'admin', '', 'trf bca', '2020-03-17 09:01:29'),
(31, '01ad2002000185', 3189063, 39109559, '2020-03-15 00:00:00', 'admin', '', 'cash', '2020-03-17 09:02:22'),
(32, '01ad2002000185', 3848085, 35261474, '2020-03-16 00:00:00', 'admin', '', 'trf bca', '2020-03-17 09:02:49'),
(33, '01ad2002000185', 2432150, 32829324, '2020-03-17 00:00:00', 'admin', '', 'trf BCA', '2020-03-17 09:23:53'),
(34, '01ad2002000185', 2534161, 30295163, '2020-03-18 00:00:00', 'ADMIN', '', 'trf BCA', '2020-03-18 08:50:03'),
(35, 'AD2003000137', 0, 2240000, '2020-03-19 15:42:02', 'ADMIN', '1', 'Down Payment', '2020-03-19 08:42:02'),
(36, '01ad2002000185', 4827500, 25467663, '2020-03-19 00:00:00', 'ADMIN', '', 'TRF BCA', '2020-03-19 12:42:34'),
(37, '01ad2002000185', 139000, 25328663, '2020-03-20 00:00:00', 'ADMIN', '', 'TIDAK SETOR ', '2020-03-20 09:38:45'),
(38, '01ad2002000185', 975600, 24353063, '2020-03-21 00:00:00', 'admin', '', 'trf bca', '2020-03-21 09:15:27'),
(39, 'AD2003000152', 0, 9750000, '2020-03-22 10:24:17', 'ADMIN', '1', 'Down Payment', '2020-03-22 03:24:17'),
(40, '01ad2002000185', 5730812, 18622251, '2020-03-22 00:00:00', 'admin', '', 'trf Bca', '2020-03-22 05:01:36');

-- --------------------------------------------------------

--
-- Table structure for table `harga_detail_pembelian`
--

CREATE TABLE `harga_detail_pembelian` (
  `id` int(11) NOT NULL,
  `tanggal_transaksi` date NOT NULL,
  `nomor_transaksi` varchar(255) NOT NULL,
  `kode_barang` varchar(255) NOT NULL,
  `qty` double NOT NULL,
  `harga` double NOT NULL,
  `sisa` double NOT NULL
) ENGINE=InnoDB DEFAULT CHARSET=latin1;

-- --------------------------------------------------------

--
-- Table structure for table `master_barang`
--

CREATE TABLE `master_barang` (
  `kode_barang` varchar(255) NOT NULL,
  `tipe_barang` int(11) DEFAULT 0,
  `jenis_barang` int(11) DEFAULT 0,
  `merek_barang` int(11) DEFAULT 0,
  `kode_supplier` varchar(128) DEFAULT NULL,
  `nama_barang` varchar(255) NOT NULL,
  `harga_pokok` double NOT NULL,
  `harga_satuan` double NOT NULL,
  `harga_kedua` double NOT NULL,
  `harga_ketiga` double NOT NULL,
  `kode_satuan` int(11) DEFAULT 0,
  `persediaan_minimum` int(11) NOT NULL DEFAULT 0,
  `metode_hpp` varchar(255) NOT NULL,
  `komisi_sales` double NOT NULL DEFAULT 0,
  `gambar` varchar(255) NOT NULL DEFAULT 'default.jpg',
  `keterangan` text NOT NULL,
  `status_jual` tinyint(4) NOT NULL,
  `user` varchar(255) NOT NULL,
  `tanggal_input` datetime NOT NULL,
  `is_delete` int(1) NOT NULL DEFAULT 0
) ENGINE=InnoDB DEFAULT CHARSET=latin1;

--
-- Dumping data for table `master_barang`
--

INSERT INTO `master_barang` (`kode_barang`, `tipe_barang`, `jenis_barang`, `merek_barang`, `kode_supplier`, `nama_barang`, `harga_pokok`, `harga_satuan`, `harga_kedua`, `harga_ketiga`, `kode_satuan`, `persediaan_minimum`, `metode_hpp`, `komisi_sales`, `gambar`, `keterangan`, `status_jual`, `user`, `tanggal_input`, `is_delete`) VALUES
('BES0001', 1, 3, 4, 'BIR674', 'BESI BETON POLOS 6 KBM', 17404, 24000, 0, 0, 6, 0, 'FIFO', 0, 'default.jpg', '', 0, 'supervisor', '2020-03-01 04:15:57', 0),
('BES0002', 1, 3, 5, 'FCL359', 'BESI BETON POLOS 8 BEH', 28568, 33000, 0, 0, 6, 0, 'FIFO', 0, 'default.jpg', '', 0, 'supervisor', '2020-02-29 00:00:00', 0),
('BES0003', 1, 3, 6, 'FCL359', 'BESI BETON POLOS 8 KZBM', 26568, 30000, 0, 0, 6, 0, 'FIFO', 0, 'default.jpg', '', 0, 'supervisor', '2020-02-29 00:00:00', 0),
('BES0004', 1, 3, 4, 'OCZ285', 'BESI BETON POLOS 8 KBM', 27188, 33000, 0, 0, 6, 0, 'FIFO', 0, 'default.jpg', '', 0, 'supervisor', '2020-02-29 00:00:00', 0),
('BES0005', 1, 3, 4, 'OCZ285', 'BESI BETON POLOS 10 KBM', 39262, 55000, 0, 0, 6, 0, 'FIFO', 0, 'default.jpg', '', 0, 'supervisor', '2020-02-29 00:00:00', 0),
('BES0006', 1, 3, 7, 'HWI209', 'BESI BETON POLOS 12 DAS', 56175, 72000, 0, 0, 6, 0, 'FIFO', 0, 'default.jpg', '', 0, 'supervisor', '2020-02-29 00:00:00', 0),
('BES0007', 1, 3, 7, 'HWI209', 'BESI BETON ULIR 13 DAS', 74375, 89250, 0, 0, 6, 0, 'FIFO', 0, 'default.jpg', '', 0, 'supervisor', '2020-02-29 00:00:00', 0),
('BES0008', 1, 3, 7, 'HWI209', 'BESI BETON ULIR 16 DAS', 101650, 122000, 0, 0, 6, 0, 'FIFO', 0, 'default.jpg', '', 0, 'supervisor', '2020-02-29 00:00:00', 0),
('BES0064', 1, 3, 9, 'BIR674', 'BESI BBM PUNYA', 0, 20000, 19000, 18000, 6, 0, 'FIFO', 0, 'BES0064.jpg', 'besi produksi besi baja makmur', 0, 'edwin', '2020-03-01 07:01:56', 1),
('BES0065', 1, 3, 21, 'BIR674', 'BESI BETON POLOS 6 HBB', 0, 21000, 20000, 0, 6, 1000, 'FIFO', 0, 'default.jpg', '', 0, 'a.yodi', '2020-03-09 12:26:15', 0),
('BON0009', 1, 5, 9, 'BIR674', 'BONDECK 0.65 tl@ MTR', 66040, 81000, 0, 0, 7, 0, 'FIFO', 0, 'default.jpg', '', 0, 'supervisor', '2020-02-29 00:00:00', 1),
('BON0010', 1, 5, 9, 'BIR674', 'BONDECK 0.70 TL@ 4 MTR', 264160, 324000, 0, 0, 8, 0, 'FIFO', 0, 'default.jpg', '', 0, 'supervisor', '2020-02-29 00:00:00', 0),
('BON0011', 1, 5, 9, 'BIR674', 'BONDECK 0.70 TL@ 5MTR', 330200, 405000, 0, 0, 8, 0, 'FIFO', 0, 'default.jpg', '', 0, 'supervisor', '2020-02-29 00:00:00', 0),
('BON0012', 1, 5, 9, 'BIR674', 'BONDECK 0.70 TL@ 6MTR', 396240, 486000, 0, 0, 8, 0, 'FIFO', 0, 'default.jpg', '', 0, 'supervisor', '2020-02-29 00:00:00', 0),
('BON0013', 1, 5, 9, 'BIR674', 'BONDECK 0.75 TL@ 4MTR', 275880, 340000, 0, 0, 8, 0, 'FIFO', 0, 'default.jpg', '', 0, 'supervisor', '2020-02-29 00:00:00', 0),
('BON0014', 1, 5, 9, 'BIR674', 'BONDECK 0.75 TL@ 5 MTR', 344850, 425000, 0, 0, 8, 0, 'FIFO', 0, 'default.jpg', '', 0, 'supervisor', '2020-02-29 00:00:00', 0),
('BON0015', 1, 5, 9, 'BIR674', 'BONDECK 0.75 TL@ 6 MTR', 413820, 510000, 0, 0, 8, 0, 'FIFO', 0, 'default.jpg', '', 0, 'supervisor', '2020-02-29 00:00:00', 0),
('BON0016', 1, 5, 9, 'BIR674', 'BONDECK 0.75 TL@ MTR', 241395, 297500, 0, 0, 7, 0, 'FIFO', 0, 'default.jpg', '', 0, 'supervisor', '2020-03-15 16:16:38', 0),
('CAT0085', 1, 19, 22, 'BIR674', 'CAT ZNT SYNT SUPER BLACK', 0, 51500, 50000, 0, 9, 12, 'FIFO', 0, 'default.jpg', '', 0, 'a.yodi', '2020-03-09 17:06:14', 0),
('CAT0086', 1, 19, 22, 'BIR674', 'CAT ZNT SYN BLACK DOF', 0, 51500, 50000, 0, 9, 12, 'FIFO', 0, 'default.jpg', '', 0, 'a.yodi', '2020-03-09 17:09:47', 0),
('CAT0087', 1, 19, 22, 'BIR674', 'CAT ZNT SYN SUPER WHITE', 0, 51500, 50000, 0, 9, 12, 'FIFO', 0, 'default.jpg', '', 0, 'a.yodi', '2020-03-09 17:12:27', 0),
('CAT0088', 1, 19, 22, 'BIR674', 'CAT ZNT SYN WHITE DOF', 0, 51500, 50000, 0, 9, 12, 'FIFO', 0, 'default.jpg', '', 0, 'a.yodi', '2020-03-09 17:16:26', 0),
('CNP0017', 1, 6, 10, 'BIR674', 'CNP 75/35 TL 0.55 mm', 41820, 49500, 0, 0, 6, 0, 'FIFO', 0, 'default.jpg', '', 0, 'supervisor', '2020-02-29 00:00:00', 0),
('CNP0018', 1, 6, 10, 'BIR674', 'CNP 75/35 TL 0.60 mm', 45750, 51500, 0, 0, 6, 0, 'FIFO', 0, 'default.jpg', '', 0, 'supervisor', '2020-02-29 00:00:00', 0),
('CNP0019', 1, 6, 10, 'BIR674', 'CNP 75/35 TL 0.65 mm', 44240, 55500, 0, 0, 6, 0, 'FIFO', 0, 'default.jpg', '', 0, 'supervisor', '2020-02-29 00:00:00', 0),
('CNP0020', 1, 6, 10, 'BIR674', 'CNP 75/35 TL 0.70 mm', 47730, 61500, 0, 0, 6, 0, 'FIFO', 0, 'default.jpg', '', 0, 'supervisor', '2020-02-29 00:00:00', 0),
('CNP0021', 1, 6, 10, 'BIR674', 'CNP 75/35 TL 0.75 mm', 54625, 64000, 0, 0, 6, 0, 'FIFO', 0, 'default.jpg', '', 0, 'supervisor', '2020-02-29 00:00:00', 0),
('CNP0022', 1, 6, 10, 'BIR674', 'CNP 75/35 TL  1.0 mm', 76101, 98000, 0, 0, 6, 0, 'FIFO', 0, 'default.jpg', '', 0, 'supervisor', '2020-02-29 00:00:00', 0),
('DEM0023', 1, 7, 11, 'SMV257', 'DEMPUL ISAMU 1 KG', 53500, 64000, 0, 0, 9, 0, 'FIFO', 0, 'default.jpg', '', 0, 'supervisor', '2020-02-29 00:00:00', 0),
('DEM0024', 1, 7, 11, 'SMV257', 'DEMPUL ISAMU 1/4 KG', 20500, 25000, 0, 0, 9, 0, 'FIFO', 0, 'default.jpg', '', 0, 'supervisor', '2020-02-29 00:00:00', 0),
('DEM0025', 1, 7, 12, 'SMV257', 'DEMPUL SANPOLAC 1 KG', 36500, 43800, 0, 0, 9, 0, 'FIFO', 0, 'default.jpg', '', 0, 'supervisor', '2020-02-29 00:00:00', 0),
('DEM0026', 1, 7, 12, 'SMV257', 'DEMPUL SANPOLAC 1/4 KG', 15500, 19000, 0, 0, 9, 0, 'FIFO', 0, 'default.jpg', '', 0, 'supervisor', '2020-02-29 00:00:00', 0),
('DEM0027', 1, 7, 12, 'SMV257', 'DEMPUL SANPOLAC GALON', 122500, 147000, 0, 0, 9, 0, 'FIFO', 0, 'default.jpg', '', 0, 'supervisor', '2020-02-29 00:00:00', 0),
('DIN0028', 1, 8, 13, 'SMV257', 'DINABOLT 10X50', 700, 850, 0, 0, 11, 0, 'FIFO', 0, 'default.jpg', '', 0, 'supervisor', '2020-02-29 00:00:00', 0),
('DIN0029', 1, 8, 13, 'SMV257', 'DINABOLT 10X65', 806, 1000, 0, 0, 11, 0, 'FIFO', 0, 'default.jpg', '', 0, 'supervisor', '2020-02-29 00:00:00', 0),
('DIN0030', 1, 8, 13, 'SMV257', 'DINABOLT 10X77', 962, 1500, 0, 0, 11, 0, 'FIFO', 0, 'default.jpg', '', 0, 'supervisor', '2020-02-29 00:00:00', 0),
('DIN0031', 1, 8, 13, 'SMV257', 'DINABOLT 8X40', 1087, 2000, 0, 0, 11, 0, 'FIFO', 0, 'default.jpg', '', 0, 'supervisor', '2020-02-29 00:00:00', 0),
('DIN0032', 1, 8, 13, 'SMV257', 'DINABOLT 8X65', 1279, 2000, 0, 0, 11, 0, 'FIFO', 0, 'default.jpg', '', 0, 'supervisor', '2020-02-29 00:00:00', 0),
('ENG0073', 1, 8, 1, 'BIR674', 'ENGSEL AS 1 INC', 0, 3500, 2970, 0, 11, 10, 'FIFO', 0, 'default.jpg', '', 0, 'a.yodi', '2020-03-09 15:01:17', 0),
('ENG0074', 1, 8, 1, 'BIR674', 'ENGSEL AS 5/8 INC', 0, 5000, 3850, 0, 11, 10, 'FIFO', 0, 'default.jpg', '', 0, 'a.yodi', '2020-03-09 15:04:13', 0),
('ENG0075', 1, 8, 1, 'BIR674', 'ENGSEL AS 3/4 INC', 0, 5500, 4465, 0, 11, 10, 'FIFO', 0, 'default.jpg', '', 0, 'a.yodi', '2020-03-09 15:06:31', 0),
('ENG0076', 1, 8, 1, 'BIR674', 'ENGSEL AS 1/2 INC', 0, 4000, 3000, 0, 11, 10, 'FIFO', 0, 'default.jpg', '', 0, 'a.yodi', '2020-03-09 15:37:18', 0),
('ENG0100', 1, 8, 1, 'BIR674', 'ENGSEL TENGAH KUPU-KUPU', 0, 18000, 16500, 0, 11, 10, 'FIFO', 0, 'default.jpg', '', 0, 'a.yodi', '2020-03-09 18:15:28', 0),
('FLA0096', 1, 23, 1, 'BIR674', 'FLAPDISC', 0, 8000, 7260, 0, 11, 20, 'FIFO', 0, 'default.jpg', '', 0, 'a.yodi', '2020-03-09 18:01:03', 0),
('GEN0033', 1, 9, 9, 'BIR674', 'GENTENG METAL PASIR COKLAT', 15625, 24000, 0, 0, 8, 0, 'FIFO', 0, 'default.jpg', '', 0, 'supervisor', '2020-02-29 00:00:00', 0),
('GEN0034', 1, 9, 9, 'BIR674', 'GENTENG METAL PASIR HIJAU', 15625, 24000, 0, 0, 8, 0, 'FIFO', 0, 'default.jpg', '', 0, 'supervisor', '2020-02-29 00:00:00', 0),
('GEN0035', 1, 9, 9, 'BIR674', 'GENTENG METAL PASIR HITAM', 15625, 24000, 0, 0, 8, 0, 'FIFO', 0, 'default.jpg', '', 0, 'supervisor', '2020-02-29 00:00:00', 0),
('GEN0036', 1, 9, 9, 'BIR674', 'GENTENG METAL PASIR MERAH', 15625, 24000, 0, 0, 8, 0, 'FIFO', 0, 'default.jpg', '', 0, 'supervisor', '2020-02-29 00:00:00', 0),
('GEN0063', 1, 9, 1, 'BIR674', 'GENTENG', 0, 14000, 15000, 16000, 6, 10, 'FIFO', 0, 'GEN0063.jpg', '', 0, 'edwin', '2020-03-01 06:22:42', 1),
('HOL0037', 1, 10, 9, 'BIR674', 'HOLLO PLAFON 2X4', 9576, 15000, 0, 0, 6, 0, 'FIFO', 0, 'default.jpg', '', 0, 'supervisor', '2020-02-29 00:00:00', 0),
('HOL0038', 1, 10, 9, 'BIR674', 'HOLLO PLAFON 4X4', 12768, 18000, 0, 0, 6, 0, 'FIFO', 0, 'default.jpg', '', 0, 'supervisor', '2020-02-29 00:00:00', 0),
('KAW0040', 1, 12, 15, 'BMX310', 'KAWAT LAS RD 260 @ 2.6 mm', 42000, 0, 0, 0, 10, 0, 'FIFO', 0, 'default.jpg', '', 0, 'supervisor', '2020-02-29 00:00:00', 0),
('KAW0041', 1, 12, 15, 'BMX310', 'KAWAT LAS RD 260 @ 2.0 mm', 115000, 132000, 0, 0, 10, 0, 'FIFO', 0, 'default.jpg', '', 0, 'supervisor', '2020-02-29 00:00:00', 0),
('KAW0042', 1, 17, 16, 'HWI209', 'KAWAT TALI BETON ', 60000, 69000, 0, 0, 12, 0, 'FIFO', 0, 'default.jpg', '', 0, 'supervisor', '2020-02-29 00:00:00', 0),
('KIN0043', 1, 13, 17, 'BMX310', 'KINIK 14\"', 11787, 14000, 0, 0, 11, 0, 'FIFO', 0, 'default.jpg', '', 0, 'supervisor', '2020-02-29 00:00:00', 0),
('KIN0044', 1, 13, 17, 'BMX310', 'KINIK 4X8', 35000, 40250, 0, 0, 11, 0, 'FIFO', 0, 'default.jpg', '', 0, 'supervisor', '2020-02-29 00:00:00', 0),
('KUN0079', 1, 8, 1, 'BIR674', 'KUNCI ROFING 8 X 65 MM', 0, 8000, 7500, 0, 11, 10, 'FIFO', 0, 'default.jpg', '', 0, 'a.yodi', '2020-03-09 15:44:01', 0),
('KUN0080', 1, 8, 1, 'BIR674', 'KUNCI ROFING 8 X 45 MM', 0, 7000, 6300, 0, 11, 10, 'FIFO', 0, 'default.jpg', '', 0, 'a.yodi', '2020-03-09 15:48:08', 0),
('LEM0082', 1, 18, 1, 'BIR674', 'LEM SILICON CLEAR', 0, 30500, 28355, 0, 11, 5, 'FIFO', 0, 'default.jpg', '', 0, 'a.yodi', '2020-03-09 16:40:51', 0),
('LEM0083', 1, 18, 1, 'BIR674', 'LEM SILICON WHITE', 0, 30500, 28355, 0, 11, 5, 'FIFO', 0, 'default.jpg', '', 0, 'a.yodi', '2020-03-09 16:42:49', 0),
('LEM0084', 1, 18, 1, 'BIR674', 'LEM SILICON BLACK', 0, 30500, 28355, 0, 11, 5, 'FIFO', 0, 'default.jpg', '', 0, 'a.yodi', '2020-03-09 17:03:32', 0),
('MAT0081', 1, 8, 1, 'BIR674', 'MATA OBENG ANDER 2X65 MM', 0, 7000, 5830, 0, 11, 10, 'FIFO', 0, 'default.jpg', '', 0, 'a.yodi', '2020-03-09 16:39:02', 0),
('MAT0097', 1, 24, 1, 'BIR674', 'MATA BOR BESI RYU 10MM', 0, 75000, 70400, 0, 11, 2, 'FIFO', 0, 'default.jpg', '', 0, 'a.yodi', '2020-03-09 18:04:58', 0),
('MAT0098', 1, 24, 1, 'BIR674', 'MATA BOR BETON BOCSH 10MM', 0, 22000, 20900, 0, 11, 2, 'FIFO', 0, 'default.jpg', '', 0, 'a.yodi', '2020-03-09 18:10:48', 0),
('MAT0099', 1, 24, 1, 'BIR674', 'MATA BOR BETON BOSCH 6MM', 0, 17000, 15400, 0, 11, 2, 'FIFO', 0, 'default.jpg', '', 0, 'a.yodi', '2020-03-09 18:13:28', 0),
('NOK0066', 1, 9, 9, 'BIR674', 'NOK C GENTENG MERAH', 0, 15000, 0, 0, 8, 50, 'FIFO', 0, 'default.jpg', '', 0, 'a.yodi', '2020-03-09 13:08:35', 0),
('NOK0067', 1, 9, 9, 'BIR674', 'NOK C GENTENG HITAM', 0, 15000, 0, 0, 8, 50, 'FIFO', 0, 'default.jpg', '', 0, 'a.yodi', '2020-03-09 13:16:09', 0),
('NOK0068', 1, 9, 9, 'BIR674', 'NOK C GENTENG COKLAT', 0, 15000, 0, 0, 8, 50, 'FIFO', 0, 'default.jpg', '', 0, 'a.yodi', '2020-03-09 13:18:23', 0),
('PAK0077', 1, 14, 1, 'BIR674', 'PAKU RIVET 550 SIP', 0, 200, 155, 0, 11, 500, 'FIFO', 0, 'default.jpg', '', 0, 'a.yodi', '2020-03-09 15:40:31', 0),
('PAK0078', 1, 14, 1, 'BIR674', 'PAKU RIVET 435 SIP', 0, 250, 144, 0, 11, 1000, 'FIFO', 0, 'default.jpg', '', 0, 'a.yodi', '2020-03-09 15:42:33', 0),
('PAK0091', 1, 22, 1, 'BIR674', 'PAKU 5', 0, 15000, 13384, 0, 12, 30, 'FIFO', 0, 'default.jpg', '', 0, 'a.yodi', '2020-03-09 17:37:39', 0),
('PAK0092', 1, 22, 1, 'BIR674', 'PAKU 7', 0, 15000, 13385, 0, 12, 30, 'FIFO', 0, 'default.jpg', '', 0, 'a.yodi', '2020-03-09 17:47:00', 0),
('PAK0093', 1, 22, 1, 'BIR674', 'PAKU 7', 0, 15000, 13384, 0, 12, 30, 'FIFO', 0, 'default.jpg', '', 0, 'a.yodi', '2020-03-09 17:53:45', 1),
('PAK0094', 1, 22, 1, 'BIR674', 'PAKU 10', 0, 15000, 13384, 0, 12, 30, 'FIFO', 0, 'default.jpg', '', 0, 'a.yodi', '2020-03-09 17:55:29', 0),
('PAK0095', 1, 22, 1, 'BIR674', 'PAKU 4', 0, 15000, 13384, 0, 12, 30, 'FIFO', 0, 'default.jpg', '', 0, 'a.yodi', '2020-03-09 17:59:04', 0),
('PAP0039', 1, 11, 14, 'XQO406', 'PAPAN GPYSUM 9mm x 1200mm x 2400 mm', 7000, 8500, 0, 0, 8, 0, 'FIFO', 0, 'default.jpg', '', 0, 'supervisor', '2020-02-29 00:00:00', 0),
('REN0069', 1, 6, 10, 'BIR674', 'RENG 0.40 TL MM', 0, 24500, 0, 0, 6, 500, 'FIFO', 0, 'default.jpg', '', 0, 'a.yodi', '2020-03-09 13:23:18', 0),
('REN0070', 1, 6, 10, 'BIR674', 'RENG 0.35 TL MM', 0, 21000, 0, 0, 6, 500, 'FIFO', 0, 'default.jpg', '', 0, 'a.yodi', '2020-03-09 13:27:15', 0),
('ROF0071', 1, 8, 18, 'ESF053', 'ROFING 12X70', 0, 700, 528, 0, 11, 1000, 'FIFO', 0, 'default.jpg', '', 0, 'a.yodi', '2020-03-09 13:35:58', 0),
('ROF0072', 1, 8, 18, 'ESF053', 'ROFING 12X50', 0, 600, 365, 0, 11, 1000, 'FIFO', 0, 'default.jpg', '', 0, 'a.yodi', '2020-03-09 14:50:38', 0),
('SKR0045', 1, 14, 18, 'ESF053', 'SKRUP RENG 10 X 16', 107, 150, 0, 0, 11, 0, 'FIFO', 0, 'default.jpg', '', 0, 'supervisor', '2020-02-29 00:00:00', 0),
('SKR0046', 1, 14, 18, 'ESF053', 'SKRUP BAJA 10 X 19', 117, 200, 0, 0, 11, 0, 'FIFO', 0, 'default.jpg', '', 0, 'supervisor', '2020-02-29 00:00:00', 0),
('SKR0047', 1, 14, 18, 'ESF053', 'SKRUP GYPSUM 1\"', 46, 75, 0, 0, 11, 0, 'FIFO', 0, 'default.jpg', '', 0, 'supervisor', '2020-02-29 00:00:00', 0),
('SKR0048', 1, 14, 18, 'ESF053', 'SKRUP GYPSUM 1. 1/4\"', 76, 85, 0, 0, 11, 0, 'FIFO', 0, 'default.jpg', '', 0, 'supervisor', '2020-02-29 00:00:00', 0),
('SPA0049', 1, 15, 9, 'BIR674', 'SPANDECK 0.25 x 1000 tl@ mtr', 27010, 34000, 0, 0, 7, 0, 'FIFO', 0, 'default.jpg', '', 0, 'supervisor', '2020-02-29 00:00:00', 0),
('SPA0050', 1, 15, 9, 'BIR674', 'SPANDECK 0.25 x 1000 tl@ 4 MTR', 108040, 136000, 0, 0, 8, 0, 'FIFO', 0, 'default.jpg', '', 0, 'supervisor', '2020-02-29 00:00:00', 0),
('SPA0051', 1, 15, 9, 'BIR674', 'SPANDECK 0.25 x 1000 tl@ 5 MTR', 135050, 170000, 0, 0, 8, 0, 'FIFO', 0, 'default.jpg', '', 0, 'supervisor', '2020-02-29 00:00:00', 0),
('SPA0052', 1, 15, 9, 'BIR674', 'SPANDECK 0.25 x 1000 tl@ 6 MTR', 162060, 204000, 0, 0, 8, 0, 'FIFO', 0, 'default.jpg', '', 0, 'supervisor', '2020-02-29 00:00:00', 0),
('SPA0053', 1, 15, 9, 'BIR674', 'SPANDECK 0.30 x 1000 tl@ 4 MTR', 135240, 172000, 0, 0, 8, 0, 'FIFO', 0, 'default.jpg', '', 0, 'supervisor', '2020-02-29 00:00:00', 0),
('SPA0054', 1, 15, 9, 'BIR674', 'SPANDECK 0.30 x 1000 tl@ 5 MTR', 169050, 215000, 0, 0, 8, 0, 'FIFO', 0, 'default.jpg', '', 0, 'supervisor', '2020-02-29 00:00:00', 0),
('SPA0055', 1, 15, 9, 'BIR674', 'SPANDECK 0.30 x 1000 tl@ 6 MTR', 202860, 258000, 0, 0, 8, 0, 'FIFO', 0, 'default.jpg', '', 0, 'supervisor', '2020-02-29 00:00:00', 0),
('SPA0056', 1, 15, 9, 'BIR674', 'SPANDECK 0.30 x 1000 tl@mtr', 33810, 43000, 0, 0, 8, 0, 'FIFO', 0, 'default.jpg', '', 0, 'supervisor', '2020-02-29 00:00:00', 0),
('TAN0089', 1, 20, 1, 'BIR674', 'TANG RIVET THUNDER', 0, 50500, 47300, 0, 11, 1, 'FIFO', 0, 'default.jpg', '', 0, 'a.yodi', '2020-03-09 17:18:37', 0),
('THI0090', 1, 21, 1, 'BIR674', 'THINER LABA-LABA 1 LITER', 0, 35000, 31350, 0, 9, 10, 'FIFO', 0, 'default.jpg', '', 0, 'a.yodi', '2020-03-09 17:35:25', 0),
('WD0057', 1, 13, 19, 'BIR674', 'WD 4\"', 2300, 4000, 0, 0, 11, 0, 'FIFO', 0, 'default.jpg', '', 0, 'supervisor', '2020-02-29 00:00:00', 0),
('WD0058', 1, 13, 19, 'BIR674', 'WD 14\"', 26000, 30000, 0, 0, 11, 0, 'FIFO', 0, 'default.jpg', '', 0, 'supervisor', '2020-02-29 00:00:00', 0),
('WIR0059', 1, 16, 1, 'DDW516', 'Wire Mesh M6 ', 176457, 240000, 0, 0, 8, 0, 'FIFO', 0, 'default.jpg', '', 0, 'supervisor', '2020-02-29 00:00:00', 0),
('WIR0060', 1, 16, 1, 'DDW516', 'Wire Mesh M8 K', 278080, 400000, 0, 0, 8, 0, 'FIFO', 0, 'default.jpg', '', 0, 'supervisor', '2020-02-29 00:00:00', 0),
('WIR0061', 1, 16, 1, 'DDW516', 'Wire Mesh M8 B ', 328182, 440000, 0, 0, 8, 0, 'FIFO', 0, 'default.jpg', '', 0, 'supervisor', '2020-02-29 00:00:00', 0),
('WIR0062', 1, 16, 1, 'DDW516', 'Wire Mesh M10', 485894, 730000, 0, 0, 8, 0, 'FIFO', 0, 'default.jpg', '', 0, 'supervisor', '2020-02-29 00:00:00', 0);

-- --------------------------------------------------------

--
-- Table structure for table `master_biaya`
--

CREATE TABLE `master_biaya` (
  `id` int(11) NOT NULL,
  `nomor_referensi` varchar(255) NOT NULL,
  `tanggal` datetime NOT NULL,
  `total_biaya` double NOT NULL,
  `keterangan` varchar(512) NOT NULL,
  `status` int(1) NOT NULL,
  `user` varchar(255) NOT NULL
) ENGINE=InnoDB DEFAULT CHARSET=latin1;

--
-- Dumping data for table `master_biaya`
--

INSERT INTO `master_biaya` (`id`, `nomor_referensi`, `tanggal`, `total_biaya`, `keterangan`, `status`, `user`) VALUES
(12, 'REF1425869', '2020-03-09 00:00:00', 0, '', 0, 'a.yodi'),
(13, 'REF3416785', '2020-03-09 00:00:00', 0, '', 0, 'a.yodi'),
(14, 'REF5738406', '2020-03-10 00:00:00', 2000, '', 2, 'a.yodi'),
(15, 'REF8516234', '2020-03-12 00:00:00', 43000, '', 2, 'a.yodi'),
(16, 'REF6925870', '2020-03-12 00:00:00', 0, '', 0, 'a.yodi'),
(17, 'REF0937186', '2020-03-13 00:00:00', 3000, '', 2, 'a.yodi'),
(18, 'REF9542071', '2020-03-13 00:00:00', 0, '', 0, 'a.yodi'),
(19, 'REF9165482', '2020-03-13 00:00:00', 0, '', 0, 'a.yodi'),
(20, 'REF6425109', '2020-03-13 00:00:00', 0, '', 0, 'a.yodi'),
(21, 'REF2438516', '2020-03-13 00:00:00', 102640, '', 2, 'a.yodi'),
(22, 'REF6912754', '2020-03-13 00:00:00', 0, '', 0, 'a.yodi'),
(23, 'REF2514063', '2020-03-13 00:00:00', 145000, '', 2, 'a.yodi'),
(24, 'REF0673219', '2020-03-13 00:00:00', 145101, '', 2, 'a.yodi'),
(25, 'REF2386940', '2020-03-14 00:00:00', 5000, '', 2, 'a.yodi'),
(26, 'REF1375460', '2020-03-14 00:00:00', 26500, '', 2, 'a.yodi'),
(27, 'REF6579204', '2020-03-14 00:00:00', 50000, '', 2, 'a.yodi'),
(28, 'REF3728650', '2020-03-15 00:00:00', 25000, '', 2, 'A.YODI'),
(29, 'REF7049621', '2020-03-15 00:00:00', 235000, '', 2, 'A.YODI'),
(30, 'REF7940153', '2020-03-15 00:00:00', 2000, '', 2, 'A.YODI'),
(31, 'REF3508162', '2020-03-15 00:00:00', 20000, '', 2, 'A.YODI'),
(32, 'REF8316425', '2020-03-16 00:00:00', 0, '', 0, 'A.YODI'),
(33, 'REF6230479', '2020-03-16 00:00:00', 2000, '', 2, 'A.YODI'),
(34, 'REF6401358', '2020-03-16 00:00:00', 3000, '', 2, 'A.YODI'),
(35, 'REF3962074', '2020-03-16 00:00:00', 0, '', 0, 'A.YODI'),
(36, 'REF0317628', '2020-03-16 00:00:00', 0, '', 0, 'a.yodi'),
(37, 'REF4298657', '2020-03-16 00:00:00', 35000, '', 2, 'a.yodi'),
(38, 'REF1695407', '2020-03-17 00:00:00', 3000, '', 2, 'A.YODI'),
(39, 'REF9532670', '2020-03-17 00:00:00', 8500, '', 2, 'A.YODI'),
(40, 'REF9825306', '2020-03-18 00:00:00', 3000, '', 2, 'a.yodi'),
(41, 'REF8165724', '2020-03-18 00:00:00', 12000, '', 2, 'a.yodi'),
(42, 'REF3912476', '2020-03-21 00:00:00', 22000, '', 2, 'a.yodi'),
(43, 'REF6913850', '2020-03-21 00:00:00', 11000, '', 2, 'a.yodi'),
(44, 'REF0582963', '2020-03-22 00:00:00', 43000, '', 2, 'A.YODI'),
(45, 'REF7628345', '2020-03-22 00:00:00', 2000, '', 2, 'A.YODI'),
(46, 'REF9061432', '2020-03-22 00:00:00', 3000, '', 2, 'a.yodi'),
(47, 'REF0685391', '2020-03-22 00:00:00', 4000, '', 2, 'a.yodi');

-- --------------------------------------------------------

--
-- Table structure for table `master_coh`
--

CREATE TABLE `master_coh` (
  `id` int(11) NOT NULL,
  `nomor_referensi` varchar(255) NOT NULL,
  `nomor_referensi_spv` varchar(255) NOT NULL,
  `user` varchar(255) NOT NULL,
  `level` int(1) NOT NULL,
  `saldo_awal` double NOT NULL,
  `saldo_proses` double NOT NULL,
  `saldo_akhir` double NOT NULL,
  `status` int(1) NOT NULL,
  `keterangan` text NOT NULL,
  `tanggal_input` datetime NOT NULL
) ENGINE=InnoDB DEFAULT CHARSET=latin1;

--
-- Dumping data for table `master_coh`
--

INSERT INTO `master_coh` (`id`, `nomor_referensi`, `nomor_referensi_spv`, `user`, `level`, `saldo_awal`, `saldo_proses`, `saldo_akhir`, `status`, `keterangan`, `tanggal_input`) VALUES
(5, '1', '', 'edwin', 4, 2000000, 0, 0, 2, 'sadasdas', '2020-03-09 12:13:25'),
(7, '2', '', 'edwin', 4, 10000000, 0, 0, 2, 'asdasdasdas', '2020-03-10 15:34:00'),
(10, '3', '', 'edwin', 4, 10000000, 0, 0, 1, 'sadasdasd', '2020-03-13 11:24:02'),
(16, '4', '3', 'lucky15', 1, 200000, 0, 5000000, 1, 'asdasd', '2020-03-13 12:18:02');

-- --------------------------------------------------------

--
-- Table structure for table `master_coh_permintaan`
--

CREATE TABLE `master_coh_permintaan` (
  `id` int(11) NOT NULL,
  `nomor_referensi` varchar(255) NOT NULL,
  `nominal` double NOT NULL,
  `jenis_permintaan` int(1) NOT NULL,
  `status` int(1) NOT NULL,
  `user` varchar(255) NOT NULL,
  `spv` varchar(255) NOT NULL,
  `approval` varchar(255) NOT NULL,
  `level` int(1) NOT NULL,
  `tanggal` datetime NOT NULL
) ENGINE=InnoDB DEFAULT CHARSET=latin1;

--
-- Dumping data for table `master_coh_permintaan`
--

INSERT INTO `master_coh_permintaan` (`id`, `nomor_referensi`, `nominal`, `jenis_permintaan`, `status`, `user`, `spv`, `approval`, `level`, `tanggal`) VALUES
(25, '4', 200000, 3, 2, 'lucky15', 'edwin', 'edwin', 2, '2020-03-13 12:18:02'),
(27, '4', 800000, 1, 2, 'lucky15', 'edwin', 'edwin', 2, '2020-03-13 12:28:13'),
(28, '4', 4000000, 1, 2, 'lucky15', 'edwin', 'edwin', 2, '2020-03-13 12:34:57'),
(29, '3', 0, 1, 1, 'edwin', '', '', 3, '2020-03-13 12:35:35');

-- --------------------------------------------------------

--
-- Table structure for table `master_gaji`
--

CREATE TABLE `master_gaji` (
  `id` int(11) NOT NULL,
  `tanggal` datetime NOT NULL,
  `nomor_referensi` varchar(255) NOT NULL,
  `total_pembayaran` double NOT NULL,
  `keterangan` varchar(512) NOT NULL,
  `status` int(1) NOT NULL,
  `user` varchar(255) NOT NULL
) ENGINE=InnoDB DEFAULT CHARSET=latin1;

--
-- Dumping data for table `master_gaji`
--

INSERT INTO `master_gaji` (`id`, `tanggal`, `nomor_referensi`, `total_pembayaran`, `keterangan`, `status`, `user`) VALUES
(9, '2020-03-12 00:00:00', 'REF4209531', 170000, '', 2, 'a.yodi'),
(10, '2020-03-12 00:00:00', 'REF2089543', 170000, '', 2, 'a.yodi'),
(11, '2020-03-13 00:00:00', 'REF8325091', 170000, '', 2, 'a.yodi'),
(12, '2020-03-13 00:00:00', 'REF8901462', 170000, '', 2, 'a.yodi'),
(13, '2020-03-14 00:00:00', 'REF0371286', 0, '', 0, 'a.yodi'),
(14, '2020-03-14 00:00:00', 'REF7948065', 120000, '', 2, 'a.yodi'),
(15, '2020-03-15 00:00:00', 'REF5713602', 170000, '', 2, 'A.YODI'),
(16, '2020-03-16 00:00:00', 'REF1765092', 170000, '', 2, 'A.YODI'),
(17, '2020-03-17 00:00:00', 'REF2769815', 170000, '', 2, 'A.YODI'),
(18, '2020-03-18 00:00:00', 'REF5740163', 170000, '', 2, 'a.yodi'),
(19, '2020-03-19 00:00:00', 'REF9718645', 170000, '', 2, 'a.yodi'),
(20, '2020-03-20 00:00:00', 'REF3695780', 170000, '', 2, 'A.YODI'),
(21, '2020-03-21 00:00:00', 'REF7063845', 170000, '', 2, 'a.yodi'),
(22, '2020-03-22 00:00:00', 'REF3819625', 170000, '', 2, 'A.YODI');

-- --------------------------------------------------------

--
-- Table structure for table `master_harga_pokok_penjualan`
--

CREATE TABLE `master_harga_pokok_penjualan` (
  `id` int(11) NOT NULL,
  `tanggal_transaksi` datetime NOT NULL,
  `nomor_faktur` varchar(255) NOT NULL,
  `kode_barang` varchar(255) NOT NULL,
  `qty` double NOT NULL,
  `sisa` double NOT NULL,
  `harga_pokok` double NOT NULL,
  `harga_jual` double NOT NULL,
  `keterangan` varchar(255) NOT NULL,
  `jenis_barang` varchar(255) DEFAULT 'pembelian_bersih'
) ENGINE=InnoDB DEFAULT CHARSET=latin1;

--
-- Dumping data for table `master_harga_pokok_penjualan`
--

INSERT INTO `master_harga_pokok_penjualan` (`id`, `tanggal_transaksi`, `nomor_faktur`, `kode_barang`, `qty`, `sisa`, `harga_pokok`, `harga_jual`, `keterangan`, `jenis_barang`) VALUES
(1, '2020-03-10 00:00:00', 'bbmkdr100320001', 'REN0069', 35, 459, 22500, 24500, 'FIFO', 'pembelian_bersih'),
(2, '2020-03-10 00:00:00', 'bbmkdr100320001', 'CNP0021', 40, 54, 59000, 63000, 'FIFO', 'pembelian_bersih'),
(3, '2020-03-10 00:00:00', 'bbmkdr100320001', 'SKR0045', 500, 9500, 119, 150, 'FIFO', 'pembelian_bersih'),
(4, '2020-03-10 00:00:00', 'bbmkdr100320001', 'WD0057', 20, 560, 4000, 4000, 'FIFO', 'pembelian_bersih'),
(5, '2020-03-09 00:00:00', 'bbmkdr100320002', 'ROF0072', 40, 1960, 331, 600, 'FIFO', 'pembelian_bersih'),
(6, '2020-03-09 00:00:00', 'bbmkdr100320003', 'BES0005', 10, 490, 44770, 51000, 'FIFO', 'pembelian_bersih'),
(7, '2020-03-09 00:00:00', 'bbmkdr100320003', 'BES0065', 5, 495, 19000, 22000, 'FIFO', 'pembelian_bersih'),
(8, '2020-03-09 00:00:00', 'bbmkdr100320004', 'CNP0021', 6, 94, 59000, 63000, 'FIFO', 'pembelian_bersih'),
(9, '2020-03-09 00:00:00', 'bbmkdr100320004', 'SPA0055', 2, 28, 225000, 252000, 'FIFO', 'pembelian_bersih'),
(10, '2020-03-09 00:00:00', 'bbmkdr100320004', 'REN0069', 6, 494, 22500, 24500, 'FIFO', 'pembelian_bersih'),
(11, '2020-03-09 00:00:00', 'bbmkdr100320004', 'SKR0046', 100, 9900, 131, 200, 'FIFO', 'pembelian_bersih'),
(12, '2020-03-09 00:00:00', 'bbmkdr100320004', 'ROF0072', 100, 1860, 331, 600, 'FIFO', 'pembelian_bersih'),
(13, '2020-03-09 00:00:00', 'bbmkdr100320004', 'WD0057', 20, 580, 4000, 4000, 'FIFO', 'pembelian_bersih'),
(14, '2020-03-09 00:00:00', 'bbmkdr100320004', 'KUN0080', 1, 4, 5750, 11000, 'FIFO', 'pembelian_bersih'),
(15, '2020-03-09 00:00:00', 'bbmkdr100320005', 'REN0070', 35, 465, 19000, 21000, 'FIFO', 'pembelian_bersih'),
(16, '2020-03-09 00:00:00', 'bbmkdr100320005', 'CNP0020', 20, 80, 53500, 59000, 'FIFO', 'pembelian_bersih'),
(17, '2020-03-09 00:00:00', 'bbmkdr100320005', 'SKR0046', 1000, 8900, 131, 150, 'FIFO', 'pembelian_bersih'),
(18, '2020-03-10 00:00:00', 'bbmkdr100320006', 'BON0011', 6, 14, 375000, 395000, 'FIFO', 'pembelian_bersih'),
(19, '2020-03-10 00:00:00', 'bbmkdr100320006', 'WIR0060', 5, 75, 245000, 385000, 'FIFO', 'pembelian_bersih'),
(20, '2020-03-10 00:00:00', 'bbmkdr100320007', 'ROF0072', 400, 1460, 331, 550, 'FIFO', 'pembelian_bersih'),
(21, '2020-03-10 00:00:00', 'bbmkdr100320007', 'LEM0084', 1, 4, 26500, 28000, 'FIFO', 'pembelian_bersih'),
(22, '2020-03-10 00:00:00', 'bbmkdr100320007', 'KUN0080', 1, 3, 5750, 11000, 'FIFO', 'pembelian_bersih'),
(23, '2020-03-10 00:00:00', 'bbmkdr100320008', 'BES0004', 45, 455, 28677, 29151, 'FIFO', 'pembelian_bersih'),
(24, '2020-03-10 00:00:00', 'bbmkdr100320008', 'BES0001', 10, 40, 19000, 19500, 'FIFO', 'pembelian_bersih'),
(25, '2020-03-10 00:00:00', 'bbmkdr100320009', 'CAT0085', 1, 11, 49500, 52000, 'FIFO', 'pembelian_bersih'),
(26, '2020-03-10 00:00:00', 'bbmkdr100320010', 'SPA0052', 9, 41, 174000, 204000, 'FIFO', 'pembelian_bersih'),
(27, '2020-03-10 00:00:00', 'bbmkdr100320010', 'SPA0051', 9, 11, 145000, 170000, 'FIFO', 'pembelian_bersih'),
(28, '2020-03-10 00:00:00', 'bbmkdr100320011', 'REN0069', 4, 455, 22500, 24500, 'FIFO', 'pembelian_bersih'),
(29, '2020-03-10 00:00:00', 'bbmkdr100320012', 'HOL0037', 1, 299, 11500, 12000, 'FIFO', 'pembelian_bersih'),
(30, '2020-03-10 00:00:00', 'bbmkdr100320012', 'HOL0038', 2, 298, 14250, 15500, 'FIFO', 'pembelian_bersih'),
(31, '2020-03-10 00:00:00', 'bbmkdr100320013', 'BES0004', 20, 435, 28677, 29151, 'FIFO', 'pembelian_bersih'),
(32, '2020-03-10 00:00:00', 'bbmkdr100320013', 'BES0005', 10, 480, 44770, 45510, 'FIFO', 'pembelian_bersih'),
(33, '2020-03-10 00:00:00', 'bbmkdr100320013', 'BES0001', 10, 30, 19000, 19500, 'FIFO', 'pembelian_bersih'),
(34, '2020-03-10 00:00:00', 'bbmkdr100320014', 'WIR0060', 5, 70, 245000, 385000, 'FIFO', 'pembelian_bersih'),
(35, '2020-03-10 00:00:00', 'bbmkdr100320014', 'BON0011', 2, 12, 375000, 395000, 'FIFO', 'pembelian_bersih'),
(36, '2020-03-10 00:00:00', 'bbmkdr100320014', 'BES0004', 2, 433, 28677, 33000, 'FIFO', 'pembelian_bersih'),
(37, '2020-03-10 00:00:00', 'bbmkdr100320015', 'BES0065', 20, 475, 19000, 22000, 'FIFO', 'pembelian_bersih'),
(38, '2020-03-10 00:00:00', 'bbmkdr100320015', 'BES0005', 20, 460, 44770, 51000, 'FIFO', 'pembelian_bersih'),
(39, '2020-03-10 00:00:00', 'bbmkdr100320016', 'CNP0020', 2, 78, 53500, 59000, 'FIFO', 'pembelian_bersih'),
(40, '2020-03-10 00:00:00', 'bbmkdr100320016', 'CNP0018', 3, 97, 46000, 51000, 'FIFO', 'pembelian_bersih'),
(41, '2020-03-10 00:00:00', 'bbmkdr100320016', 'REN0070', 1, 464, 19000, 21000, 'FIFO', 'pembelian_bersih'),
(42, '2020-03-10 00:00:00', 'bbmkdr100320016', 'REN0070', 1, 463, 19000, 21000, 'FIFO', 'pembelian_bersih'),
(43, '2020-03-10 00:00:00', 'bbmkdr100320017', 'BES0005', 10, 450, 44770, 49000, 'FIFO', 'pembelian_bersih'),
(44, '2020-03-10 00:00:00', 'bbmkdr100320017', 'BES0006', 10, 190, 68000, 66000, 'FIFO', 'pembelian_bersih'),
(45, '2020-03-10 00:00:00', 'bbmkdr100320018', 'CNP0021', 1, 53, 59000, 63000, 'FIFO', 'pembelian_bersih'),
(46, '2020-03-10 00:00:00', 'bbmkdr100320019', 'REN0069', 35, 420, 22500, 24500, 'FIFO', 'pembelian_bersih'),
(47, '2020-03-10 00:00:00', 'bbmkdr100320019', 'CNP0021', 40, 13, 59000, 63000, 'FIFO', 'pembelian_bersih'),
(48, '2020-03-10 00:00:00', 'bbmkdr100320019', 'SKR0045', 500, 9000, 119, 150, 'FIFO', 'pembelian_bersih'),
(49, '2020-03-10 00:00:00', 'bbmkdr100320019', 'WD0057', 20, 540, 4000, 4000, 'FIFO', 'pembelian_bersih'),
(50, '2020-03-10 00:00:00', 'bbmkdr100320020', 'HOL0037', 26, 273, 11500, 12000, 'FIFO', 'pembelian_bersih'),
(51, '2020-03-10 00:00:00', 'bbmkdr100320020', 'BES0001', 30, 0, 19000, 19500, 'FIFO', 'pembelian_bersih'),
(52, '2020-03-10 00:00:00', 'bbmkdr100320021', 'ROF0072', 20, 1440, 331, 600, 'FIFO', 'pembelian_bersih'),
(53, '2020-03-11 00:00:00', 'bbmkdr110320022', 'CNP0021', 13, 0, 59000, 62000, 'FIFO', 'pembelian_bersih'),
(54, '2020-03-11 00:00:00', 'bbmkdr110320022', 'CNP0021', 12, 0, 59000, 62000, 'FIFO', 'pembelian_bersih'),
(55, '2020-03-11 00:00:00', 'bbmkdr110320022', 'REN0069', 30, 390, 22500, 23500, 'FIFO', 'pembelian_bersih'),
(56, '2020-03-11 00:00:00', 'bbmkdr110320022', 'SKR0045', 1000, 8000, 119, 140, 'FIFO', 'pembelian_bersih'),
(57, '2020-03-11 00:00:00', 'bbmkdr110320023', 'REN0069', 25, 365, 22500, 24500, 'FIFO', 'pembelian_bersih'),
(58, '2020-03-11 00:00:00', 'bbmkdr110320023', 'SKR0045', 500, 7500, 119, 150, 'FIFO', 'pembelian_bersih'),
(59, '2020-03-12 00:00:00', 'bbmkdr120320024', 'BES0004', 9, 424, 28677, 32000, 'FIFO', 'pembelian_bersih'),
(60, '2020-03-12 00:00:00', 'bbmkdr120320025', 'BES0005', 10, 440, 44770, 51000, 'FIFO', 'pembelian_bersih'),
(61, '2020-03-12 00:00:00', 'bbmkdr120320026', 'HOL0037', 10, 263, 11500, 12000, 'FIFO', 'pembelian_bersih'),
(62, '2020-03-12 00:00:00', 'bbmkdr120320027', 'KAW0042', 1, 49, 13868, 22000, 'FIFO', 'pembelian_bersih'),
(63, '2020-03-12 00:00:00', 'bbmkdr120320027', 'BES0004', 4, 420, 28677, 33000, 'FIFO', 'pembelian_bersih'),
(64, '2020-03-12 00:00:00', 'bbmkdr120320027', 'BES0065', 1, 474, 19000, 22000, 'FIFO', 'pembelian_bersih'),
(65, '2020-03-13 00:00:00', 'bbmkdr130320028', 'CNP0020', 4, 74, 53500, 59000, 'FIFO', 'pembelian_bersih'),
(66, '2020-03-13 00:00:00', 'bbmkdr130320028', 'ROF0072', 20, 1420, 331, 600, 'FIFO', 'pembelian_bersih'),
(67, '2020-03-13 00:00:00', 'bbmkdr130320028', 'SPA0052', 2, 39, 174000, 204000, 'FIFO', 'pembelian_bersih'),
(68, '2020-03-13 00:00:00', 'bbmkdr130320029', 'HOL0037', 10, 253, 11500, 13000, 'FIFO', 'pembelian_bersih'),
(69, '2020-03-13 00:00:00', 'bbmkdr130320030', 'LEM0084', 1, 3, 26500, 28000, 'FIFO', 'pembelian_bersih'),
(70, '2020-03-13 00:00:00', 'bbmkdr130320031', 'SPA0052', 6, 33, 174000, 180000, 'FIFO', 'pembelian_bersih'),
(71, '2020-03-13 00:00:00', 'bbmkdr130320031', 'CNP0020', 10, 64, 53500, 56000, 'FIFO', 'pembelian_bersih'),
(72, '2020-03-13 00:00:00', 'bbmkdr130320031', 'ROF0072', 60, 1360, 331, 600, 'FIFO', 'pembelian_bersih'),
(73, '2020-03-13 00:00:00', 'bbmkdr130320032', 'HOL0037', 20, 233, 11500, 12000, 'FIFO', 'pembelian_bersih'),
(74, '2020-03-13 00:00:00', 'bbmkdr130320032', 'HOL0038', 20, 278, 14250, 15500, 'FIFO', 'pembelian_bersih'),
(75, '2020-03-13 00:00:00', 'bbmkdr130320033', 'BES0004', 12, 408, 28677, 33000, 'FIFO', 'pembelian_bersih'),
(76, '2020-03-13 00:00:00', 'bbmkdr130320033', 'BES0065', 4, 429, 19000, 22000, 'FIFO', 'pembelian_bersih'),
(77, '2020-03-13 00:00:00', 'bbmkdr130320034', 'ROF0072', 20, 1340, 331, 600, 'FIFO', 'pembelian_bersih'),
(78, '2020-03-14 00:00:00', 'bbmkdr140320035', 'CNP0020', 20, 44, 53500, 59000, 'FIFO', 'pembelian_bersih'),
(79, '2020-03-14 00:00:00', 'bbmkdr140320035', 'REN0070', 20, 443, 19000, 21000, 'FIFO', 'pembelian_bersih'),
(80, '2020-03-14 00:00:00', 'bbmkdr140320036', 'SKR0045', 1000, 6500, 119, 140, 'FIFO', 'pembelian_bersih'),
(81, '2020-03-14 00:00:00', 'bbmkdr140320037', 'SKR0045', 300, 6200, 119, 150, 'FIFO', 'pembelian_bersih'),
(82, '2020-03-14 00:00:00', 'bbmkdr140320038', 'KAW0040', 5, 5, 23000, 26600, 'FIFO', 'pembelian_bersih'),
(83, '2020-03-14 00:00:00', 'bbmkdr140320038', 'KAW0041', 1, 19, 31500, 35500, 'FIFO', 'pembelian_bersih'),
(84, '2020-03-14 00:00:00', 'bbmkdr140320039', 'SKR0045', 1000, 5200, 119, 140, 'FIFO', 'pembelian_bersih'),
(85, '2020-03-14 00:00:00', 'bbmkdr140320039', 'REN0070', 6, 437, 19000, 20500, 'FIFO', 'pembelian_bersih'),
(86, '2020-03-14 00:00:00', 'bbmkdr140320040', 'KIN0044', 2, 23, 6800, 8000, 'FIFO', 'pembelian_bersih'),
(87, '2020-03-14 00:00:00', 'bbmkdr140320040', 'FLA0096', 1, 19, 6600, 8000, 'FIFO', 'pembelian_bersih'),
(88, '2020-03-14 00:00:00', 'bbmkdr140320041', 'BES0065', 1, 428, 19000, 22000, 'FIFO', 'pembelian_bersih'),
(89, '2020-03-15 00:00:00', 'bbmkdr150320042', 'BES0004', 19, 389, 28677, 32000, 'FIFO', 'pembelian_bersih'),
(90, '2020-03-15 00:00:00', 'bbmkdr150320042', 'BON0012', 1, 49, 450000, 468000, 'FIFO', 'pembelian_bersih'),
(91, '2020-03-15 00:00:00', 'bbmkdr150320043', 'SPA0052', 4, 29, 174000, 180000, 'FIFO', 'pembelian_bersih'),
(92, '2020-03-15 00:00:00', 'bbmkdr150320043', 'ROF0072', 200, 1140, 331, 600, 'FIFO', 'pembelian_bersih'),
(93, '2020-03-15 00:00:00', 'bbmkdr150320044', 'BES0007', 20, 30, 71600, 82340, 'FIFO', 'pembelian_bersih'),
(94, '2020-03-16 00:00:00', 'bbmkdr160320045', 'SKR0046', 0, 0, 131, 150, 'FIFO', 'pembelian_bersih'),
(95, '2020-03-16 00:00:00', 'bbmkdr160320045', 'SKR0046', 1000, 6900, 131, 150, 'FIFO', 'pembelian_bersih'),
(96, '2020-03-16 00:00:00', 'bbmkdr160320046', 'HOL0037', 15, 218, 11500, 13000, 'FIFO', 'pembelian_bersih'),
(97, '2020-03-16 00:00:00', 'bbmkdr160320046', 'HOL0038', 20, 258, 14250, 16500, 'FIFO', 'pembelian_bersih'),
(98, '2020-03-16 00:00:00', 'bbmkdr160320046', 'SKR0047', 1000, 19000, 50, 65, 'FIFO', 'pembelian_bersih'),
(99, '2020-03-16 00:00:00', 'bbmkdr160320047', 'BES0004', 25, 364, 28677, 32000, 'FIFO', 'pembelian_bersih'),
(100, '2020-03-16 00:00:00', 'bbmkdr160320048', 'BES0003', 10, 490, 27966, 30000, 'FIFO', 'pembelian_bersih'),
(101, '2020-03-16 00:00:00', 'bbmkdr160320049', 'BON0010', 1, 19, 300000, 132000, 'FIFO', 'pembelian_bersih'),
(102, '2020-03-16 00:00:00', 'bbmkdr160320050', 'SPA0055', 8, 11, 225000, 252000, 'FIFO', 'pembelian_bersih'),
(103, '2020-03-16 00:00:00', 'bbmkdr160320050', 'CNP0020', 2, 42, 53500, 55000, 'FIFO', 'pembelian_bersih'),
(104, '2020-03-16 00:00:00', 'bbmkdr160320050', 'LEM0082', 1, 4, 26500, 28000, 'FIFO', 'pembelian_bersih'),
(105, '2020-03-17 00:00:00', 'bbmkdr170320051', 'SKR0046', 100, 5800, 131, 200, 'FIFO', 'pembelian_bersih'),
(106, '2020-03-17 00:00:00', 'bbmkdr170320051', 'CNP0021', 7, 21, 59000, 59000, 'FIFO', 'pembelian_bersih'),
(107, '2020-03-17 00:00:00', 'bbmkdr170320051', 'GEN0033', 9, 91, 20000, 24500, 'FIFO', 'pembelian_bersih'),
(108, '2020-03-17 00:00:00', 'bbmkdr170320051', 'REN0070', 3, 434, 19000, 21000, 'FIFO', 'pembelian_bersih'),
(109, '2020-03-17 00:00:00', 'bbmkdr170320052', 'WD0057', 6, 534, 4000, 4500, 'FIFO', 'pembelian_bersih'),
(110, '2020-03-17 00:00:00', 'bbmkdr170320053', 'BES0007', 15, 15, 71600, 82340, 'FIFO', 'pembelian_bersih'),
(111, '2020-03-17 00:00:00', 'bbmkdr170320053', 'BES0005', 15, 425, 44770, 51000, 'FIFO', 'pembelian_bersih'),
(112, '2020-03-18 00:00:00', 'bbmkdr180320054', 'KAW0042', 2, 47, 13868, 22000, 'FIFO', 'pembelian_bersih'),
(113, '2020-03-18 00:00:00', 'bbmkdr180320054', 'BES0006', 18, 172, 68000, 68000, 'FIFO', 'pembelian_bersih'),
(114, '2020-03-18 00:00:00', 'bbmkdr180320054', 'BES0004', 36, 328, 28677, 33000, 'FIFO', 'pembelian_bersih'),
(115, '2020-03-18 00:00:00', 'bbmkdr180320054', 'PAK0092', 2, 28, 12167, 15000, 'FIFO', 'pembelian_bersih'),
(116, '2020-03-18 00:00:00', 'bbmkdr180320054', 'PAK0091', 2, 28, 12167, 15000, 'FIFO', 'pembelian_bersih'),
(117, '2020-03-18 00:00:00', 'bbmkdr180320055', 'WD0057', 5, 529, 4000, 4500, 'FIFO', 'pembelian_bersih'),
(118, '2020-03-18 00:00:00', 'bbmkdr180320056', 'BES0004', 5, 323, 28677, 33000, 'FIFO', 'pembelian_bersih'),
(119, '2020-03-18 00:00:00', 'bbmkdr180320056', 'BES0001', 2, 8, 19000, 23000, 'FIFO', 'pembelian_bersih'),
(120, '2020-03-19 00:00:00', 'bbmkdr190320057', 'REN0069', 5, 360, 22500, 24500, 'FIFO', 'pembelian_bersih'),
(121, '2020-03-19 00:00:00', 'bbmkdr190320058', 'REN0069', 1, 359, 22500, 24500, 'FIFO', 'pembelian_bersih'),
(122, '2020-03-19 00:00:00', 'bbmkdr190320058', 'SPA0051', 1, 10, 145000, 170000, 'FIFO', 'pembelian_bersih'),
(123, '2020-03-19 00:00:00', 'bbmkdr190320059', 'SKR0045', 500, 4700, 119, 150, 'FIFO', 'pembelian_bersih'),
(124, '2020-03-19 00:00:00', 'bbmkdr190320059', 'REN0069', 4, 355, 22500, 24500, 'FIFO', 'pembelian_bersih'),
(125, '2020-03-19 00:00:00', 'bbmkdr190320060', 'REN0069', 2, 353, 22500, 24500, 'FIFO', 'pembelian_bersih'),
(126, '2020-03-19 00:00:00', 'bbmkdr190320061', 'REN0069', 8, 345, 22500, 24500, 'FIFO', 'pembelian_bersih'),
(127, '2020-03-19 00:00:00', 'bbmkdr190320062', 'BON0013', 8, 12, 320000, 332000, 'FIFO', 'pembelian_bersih'),
(128, '2020-03-19 00:00:00', 'bbmkdr190320062', 'WIR0061', 3, 97, 395000, 435000, 'FIFO', 'pembelian_bersih'),
(129, '2020-03-19 00:00:00', 'bbmkdr190320063', 'WD0057', 5, 524, 4000, 4500, 'FIFO', 'pembelian_bersih'),
(130, '2020-03-19 00:00:00', 'bbmkdr190320064', 'BES0006', 10, 162, 68000, 68000, 'FIFO', 'pembelian_bersih'),
(131, '2020-03-20 13:38:02', 'bbmkdr200320065', 'BES0065', 4, 424, 19000, 22000, 'FIFO', 'pembelian_bersih'),
(132, '2020-03-20 15:23:03', 'bbmkdr200320066', 'KAW0041', 2, 17, 31500, 35500, 'FIFO', 'pembelian_bersih'),
(133, '2020-03-21 10:26:54', 'bbmkdr210320067', 'SPA0052', 5, 24, 174000, 192000, 'FIFO', 'pembelian_bersih'),
(134, '2020-03-21 14:02:20', 'bbmkdr210320068', 'FLA0096', 1, 18, 6600, 8000, 'FIFO', 'pembelian_bersih'),
(135, '2020-03-21 15:10:41', 'bbmkdr210320069', 'CNP0019', 2, 73, 49500, 56000, 'FIFO', 'pembelian_bersih'),
(136, '2020-03-22 07:52:04', 'bbmkdr220320070', 'BES0005', 12, 413, 44770, 50000, 'FIFO', 'pembelian_bersih'),
(137, '2020-03-22 07:52:04', 'bbmkdr220320070', 'KAW0042', 2, 45, 13868, 22000, 'FIFO', 'pembelian_bersih'),
(138, '2020-03-22 08:29:06', 'bbmkdr220320071', 'BON0016', 21, 7, 80000, 82000, 'FIFO', 'pembelian_bersih'),
(139, '2020-03-22 08:29:06', 'bbmkdr220320071', 'BON0015', 3, 47, 480000, 492000, 'FIFO', 'pembelian_bersih'),
(140, '2020-03-22 08:29:06', 'bbmkdr220320071', 'KAW0042', 2, 43, 13868, 18000, 'FIFO', 'pembelian_bersih'),
(141, '2020-03-22 10:10:14', 'bbmkdr220320072', 'REN0069', 5, 340, 22500, 25000, 'FIFO', 'pembelian_bersih'),
(142, '2020-03-22 10:41:56', 'bbmkdr220320073', 'SPA0052', 7, 17, 174000, 192000, 'FIFO', 'pembelian_bersih'),
(143, '2020-03-22 10:41:56', 'bbmkdr220320073', 'CNP0018', 12, 85, 46000, 48500, 'FIFO', 'pembelian_bersih'),
(144, '2020-03-22 10:41:56', 'bbmkdr220320073', 'ROF0071', 20, 980, 480, 700, 'FIFO', 'pembelian_bersih'),
(145, '2020-03-22 10:41:56', 'bbmkdr220320073', 'SKR0046', 1000, 4800, 126, 150, 'FIFO', 'pembelian_bersih');

-- --------------------------------------------------------

--
-- Table structure for table `master_insentif`
--

CREATE TABLE `master_insentif` (
  `id` int(11) NOT NULL,
  `nomor_faktur` varchar(255) NOT NULL,
  `sales` varchar(255) NOT NULL,
  `gross_penjualan` double NOT NULL,
  `insentif` double NOT NULL,
  `total_insentif` double NOT NULL,
  `tanggal` datetime NOT NULL,
  `status` int(11) NOT NULL
) ENGINE=InnoDB DEFAULT CHARSET=latin1;

-- --------------------------------------------------------

--
-- Table structure for table `master_jenis_barang`
--

CREATE TABLE `master_jenis_barang` (
  `id_jenis_barang` int(11) NOT NULL,
  `kode_jenis_barang` varchar(128) NOT NULL,
  `nama_jenis_barang` varchar(255) NOT NULL,
  `keterangan` text NOT NULL,
  `user` varchar(255) NOT NULL,
  `tanggal_input` datetime NOT NULL
) ENGINE=InnoDB DEFAULT CHARSET=latin1;

--
-- Dumping data for table `master_jenis_barang`
--

INSERT INTO `master_jenis_barang` (`id_jenis_barang`, `kode_jenis_barang`, `nama_jenis_barang`, `keterangan`, `user`, `tanggal_input`) VALUES
(3, 'BB', 'BESI BETON', 'jenis barang besi beton', 'supervisor', '2020-02-29 08:36:26'),
(5, 'FD', 'FLOORDECK', 'untuk jenis barang floordeck', 'supervisor', '2020-02-29 08:36:31'),
(6, 'BR', 'BAJA RINGAN', 'Jenis Barang baja ringan', 'supervisor', '2020-02-29 08:36:36'),
(7, 'DEMP', 'DEMPUL', 'jenis barang dempul', 'supervisor', '2020-02-29 08:35:12'),
(8, 'BAUD', 'BAUD', 'jenis barang baud', 'supervisor', '2020-02-29 08:35:26'),
(9, 'GTG', 'GENTENG', 'jenis barang genteng', 'supervisor', '2020-02-29 08:36:42'),
(10, 'HL', 'HOLLO', 'jenis barang hollo', 'supervisor', '2020-02-29 08:36:46'),
(11, 'GYP', 'GYPSUM', 'jenis barang gypsum', 'supervisor', '2020-02-29 08:36:22'),
(12, 'KL', 'KAWAT LAS', 'jenis barang kawat las', 'supervisor', '2020-02-29 08:37:06'),
(13, 'BP', 'BATU POTONG', 'jenis barang batu potong', 'supervisor', '2020-02-29 08:37:21'),
(14, 'SKR', 'SKRUP', 'jenis barang skrup', 'supervisor', '2020-02-29 08:37:37'),
(15, 'AR', 'ATAP RINGAN', 'jenis barang atap ringan', 'supervisor', '2020-02-29 08:38:00'),
(16, 'WM', 'WIREMESH', 'jenis barang wiremesh', 'supervisor', '2020-02-29 08:38:11'),
(17, 'KB', 'KAWAT BETON', 'untuk jenis kawat beton', 'supervisor', '2020-02-29 10:02:56'),
(18, 'LM', 'LEM', '', 'a.yodi', '2020-03-09 16:39:28'),
(19, 'CT', 'CAT BESI', '', 'a.yodi', '2020-03-09 17:04:06'),
(20, 'TANG', 'TANG ', '', 'a.yodi', '2020-03-09 17:17:09'),
(21, 'TH', 'THINER', '', 'a.yodi', '2020-03-09 17:34:10'),
(22, 'PAKU', 'PAKU', '', 'a.yodi', '2020-03-09 17:36:20'),
(23, 'AMPS', 'AMPELAS SUSUN', '', 'a.yodi', '2020-03-09 17:59:58'),
(24, 'MT BR', 'MATA BOR', '', 'a.yodi', '2020-03-09 18:02:10');

-- --------------------------------------------------------

--
-- Table structure for table `master_kartu_persediaan`
--

CREATE TABLE `master_kartu_persediaan` (
  `id` int(11) NOT NULL,
  `kode_barang` varchar(255) NOT NULL,
  `nomor_transaksi` varchar(255) NOT NULL,
  `tanggal_transaksi` date NOT NULL,
  `jumlah` double NOT NULL,
  `harga` double NOT NULL,
  `total` double NOT NULL,
  `status` int(11) NOT NULL
) ENGINE=InnoDB DEFAULT CHARSET=latin1;

-- --------------------------------------------------------

--
-- Table structure for table `master_kategori_biaya`
--

CREATE TABLE `master_kategori_biaya` (
  `id` int(11) NOT NULL,
  `nama_biaya` varchar(255) NOT NULL,
  `keterangan` varchar(512) NOT NULL,
  `user` varchar(255) NOT NULL,
  `tanggal_input` datetime NOT NULL,
  `status` int(1) NOT NULL DEFAULT 0
) ENGINE=InnoDB DEFAULT CHARSET=latin1;

--
-- Dumping data for table `master_kategori_biaya`
--

INSERT INTO `master_kategori_biaya` (`id`, `nama_biaya`, `keterangan`, `user`, `tanggal_input`, `status`) VALUES
(1, 'BIAYA LAIN-LAIN', 'pembuatan laci uang dan rak printer cpu', 'a.yodi', '2020-03-12 17:12:31', 0),
(2, 'OPRASIONAL', 'solar mobil', 'a.yodi', '2020-03-13 16:16:54', 0);

-- --------------------------------------------------------

--
-- Table structure for table `master_merek_barang`
--

CREATE TABLE `master_merek_barang` (
  `id_merek_barang` int(11) NOT NULL,
  `kode_merek_barang` varchar(128) NOT NULL,
  `nama_merek_barang` varchar(255) NOT NULL,
  `keterangan` text NOT NULL,
  `user` varchar(255) NOT NULL,
  `tanggal_input` datetime NOT NULL
) ENGINE=InnoDB DEFAULT CHARSET=latin1;

--
-- Dumping data for table `master_merek_barang`
--

INSERT INTO `master_merek_barang` (`id_merek_barang`, `kode_merek_barang`, `nama_merek_barang`, `keterangan`, `user`, `tanggal_input`) VALUES
(1, 'NONE', 'TANPA MEREK', '', 'supervisor', '2020-02-29 00:00:00'),
(4, 'KBM', 'KBM', '', 'supervisor', '2020-02-29 08:38:31'),
(5, 'BEH', 'BEH', '', 'supervisor', '2020-02-29 08:38:41'),
(6, 'KZBM', 'KZBM', '', 'supervisor', '2020-02-29 08:38:49'),
(7, 'DAS', 'DAS', '', 'supervisor', '2020-02-29 08:38:57'),
(8, 'YES', 'YES', '', 'supervisor', '2020-02-29 08:39:02'),
(9, 'BBM', 'BBM', '', 'supervisor', '2020-02-29 08:39:08'),
(10, 'BBMT', 'BBM TRUSS', '', 'supervisor', '2020-02-29 08:39:26'),
(11, 'ISAMU', 'ISAMU', '', 'supervisor', '2020-02-29 08:39:36'),
(12, 'SANPOLAC', 'SANPOLAC', '', 'supervisor', '2020-02-29 08:39:48'),
(13, 'WOWO', 'WOWO', '', 'supervisor', '2020-02-29 08:39:58'),
(14, 'APLUS', 'APLUS', '', 'supervisor', '2020-02-29 08:40:17'),
(15, 'NS', 'NIKO STEEL', '', 'supervisor', '2020-02-29 08:40:29'),
(16, 'BWG21', 'BWG 21', '', 'supervisor', '2020-02-29 08:41:37'),
(17, 'KINIK', 'KINIK', '', 'supervisor', '2020-02-29 08:41:50'),
(18, 'PROFIT', 'PROFIT', '', 'supervisor', '2020-02-29 08:41:59'),
(19, 'WD', 'WD', '', 'supervisor', '2020-02-29 08:42:12'),
(21, 'HBB', 'HBB', '', 'a.yodi', '2020-03-09 12:14:42'),
(22, 'ZNT', 'ZINTIUM', '', 'a.yodi', '2020-03-09 17:04:29'),
(23, 'SEIV', 'SEIV', '', 'a.yodi', '2020-03-09 17:04:42');

-- --------------------------------------------------------

--
-- Table structure for table `master_pegawai`
--

CREATE TABLE `master_pegawai` (
  `id` int(11) NOT NULL,
  `nip` varchar(255) NOT NULL,
  `ktp` varchar(255) NOT NULL,
  `nama_lengkap` varchar(255) NOT NULL,
  `jenis_kelamin` int(1) NOT NULL,
  `alamat` text NOT NULL,
  `kelurahan` varchar(255) NOT NULL,
  `kecamatan` varchar(255) NOT NULL,
  `kota` varchar(255) NOT NULL,
  `tanggal_lahir` date NOT NULL,
  `tanggal_masuk` date NOT NULL,
  `pendidikan_terakhir` varchar(255) NOT NULL,
  `jabatan` varchar(255) NOT NULL,
  `nomor_telepon` varchar(255) NOT NULL,
  `nomor_rekening` varchar(255) NOT NULL,
  `npwp` varchar(255) NOT NULL,
  `status` int(1) NOT NULL,
  `gaji_pokok` double NOT NULL,
  `uang_makan` double NOT NULL,
  `gambar` varchar(255) NOT NULL,
  `has_user` int(1) NOT NULL DEFAULT 0,
  `user` varchar(255) NOT NULL,
  `timestamp` timestamp NOT NULL DEFAULT current_timestamp() ON UPDATE current_timestamp()
) ENGINE=InnoDB DEFAULT CHARSET=latin1;

--
-- Dumping data for table `master_pegawai`
--

INSERT INTO `master_pegawai` (`id`, `nip`, `ktp`, `nama_lengkap`, `jenis_kelamin`, `alamat`, `kelurahan`, `kecamatan`, `kota`, `tanggal_lahir`, `tanggal_masuk`, `pendidikan_terakhir`, `jabatan`, `nomor_telepon`, `nomor_rekening`, `npwp`, `status`, `gaji_pokok`, `uang_makan`, `gambar`, `has_user`, `user`, `timestamp`) VALUES
(1, '1', '0', 'Neng Yuliantin', 1, 'Jl Raya Limbangan', '', '', 'Garut', '2018-12-01', '2020-02-01', '', 'Direktur', '0', '0-0', '0', 1, 50000, 10000, 'SpDT0P752ut6lZHE.jpeg', 1, '', '2020-03-03 12:42:02'),
(19, '001', '3205396912930002', 'SUSI RAHMAWATI', 1, 'KP.JATIWANGI, RT001/RW002 ', 'CIGAWIR', 'SELAAWI', 'GARUT', '1993-05-01', '2020-01-11', 'SMA', 'KEPALA TOKO', '081224216539', 'BCA - 7751092257', '0', 1, 50000, 10000, 'default.jpg', 1, 'manajer', '2020-03-09 04:54:24'),
(20, '002', '00', 'YODI', 0, 'KP JATIWANGI RT001/RW002', 'CIGAWIR', 'SELAAWI', 'GARUT', '2020-03-01', '2020-03-09', 'SMA', 'KEPALA TOKO', '087722628221', '0 - 0', '0', 1, 50000, 10000, 'default.jpg', 1, 'manajer', '2020-03-09 05:05:59'),
(21, '003', '001', 'JODI', 0, 'KP JATIWANGI RT001/RW002', 'CIGAWIR', 'SELAAWI', 'GARUT', '2020-03-03', '2020-03-09', 'SMA', 'ADMIN', '0', '0 - 0', '0', 1, 50000, 10000, 'default.jpg', 1, 'manajer', '2020-03-09 05:38:05'),
(22, '004', '3205121508970001', 'AGUS JALALUDIN', 0, 'KP BUNISARI RT02/RW03', 'MEKARSARI', 'CIBATU', 'GARUT', '1997-03-08', '2020-03-12', 'SMA', 'SUPIR', '0', '0 - 0', '0', 1, 40000, 10000, 'default.jpg', 0, 'manajer', '2020-03-12 08:36:21');

-- --------------------------------------------------------

--
-- Table structure for table `master_pelanggan`
--

CREATE TABLE `master_pelanggan` (
  `id` int(11) NOT NULL,
  `id_pelanggan` varchar(255) NOT NULL,
  `tipe_pelanggan` varchar(255) NOT NULL,
  `nama_pelanggan` varchar(255) NOT NULL,
  `alamat` text NOT NULL,
  `email` varchar(255) NOT NULL,
  `nomor_telepon` varchar(255) NOT NULL,
  `npwp` varchar(255) NOT NULL,
  `nomor_rekening` varchar(255) NOT NULL,
  `status_pelanggan` int(11) NOT NULL,
  `tanggal_input` date NOT NULL,
  `user` varchar(255) NOT NULL
) ENGINE=InnoDB DEFAULT CHARSET=latin1;

--
-- Dumping data for table `master_pelanggan`
--

INSERT INTO `master_pelanggan` (`id`, `id_pelanggan`, `tipe_pelanggan`, `nama_pelanggan`, `alamat`, `email`, `nomor_telepon`, `npwp`, `nomor_rekening`, `status_pelanggan`, `tanggal_input`, `user`) VALUES
(1, 'gWVKbRqSa0IrBhEL', '', 'Bp.nunu', 'kiara dodot ', '', '081220553325', '', '', 1, '0000-00-00', ''),
(2, 'mjXo3r8zMLKHiJQl', '', 'bp.nandang', '', '', '', '', '', 1, '0000-00-00', ''),
(3, 'qMkc85NivphTIV0y', '', 'hj.soleh', 'talagasari', '', '', '', '', 1, '0000-00-00', ''),
(4, 'FwChVuyEbDA7KNUt', '', 'karoseri truck', '', '', '', '', '', 1, '0000-00-00', ''),
(5, 'KsYNrCwDvL3y6bjW', '', 'bp.iyeng', '', '', '', '', '', 1, '0000-00-00', ''),
(6, 'tAPRqWnN2psJc17u', '', 'teh yuli', 'nagreg\n', '', '', '', '', 1, '0000-00-00', ''),
(7, 'dx0iI5LebPAmyoO6', '', 'bp.rido', '', '', '', '', '', 1, '0000-00-00', ''),
(8, 'lsAjSGxdMJ8kWZVp', '', 'tb.sinar haruman', '', '', '', '', '', 1, '0000-00-00', ''),
(9, 'PVxL1zundpAvsgeH', '', 'asep', '', '', '', '', '', 1, '0000-00-00', ''),
(10, 'q6Yb4goaSPZAX0Rw', '', 'bp.aceng rongsok', '', '', '', '', '', 1, '0000-00-00', ''),
(11, 'igI2FmKuVtMZWQwe', '', 'pak.agus', '', '', '', '', '', 1, '0000-00-00', ''),
(12, 'svPdQ5TiGXHn1LEp', '', 'pd.budi berkah', '', '', '', '', '', 1, '0000-00-00', ''),
(13, 'spdfUC6hjlDZqBkb', '', 'tb.sinar haruman', '', '', '', '', '', 1, '0000-00-00', ''),
(14, '3uLqS4w0AYhVrlDB', '', 'th.yuli ', 'dekat rm.stroberi', '', '', '', '', 1, '0000-00-00', ''),
(15, 'C2XUSa5ctfpTYxsn', '', 'hj.soleh', '', '', '', '', '', 1, '0000-00-00', ''),
(16, 'bHq4j8rBVP0xS1DA', '', 'bp.asep', '', '', '', '', '', 1, '0000-00-00', ''),
(17, 'Pak4D1Fgzbnw2X8W', '', 'pd.budi berkah', '', '', '', '', '', 1, '0000-00-00', ''),
(18, 'O0uDQYcKAq5INB3C', '', 'pk.agus', '', '', '', '', '', 1, '0000-00-00', ''),
(19, 'M8YOqZvt0F2s3h9D', '', 'bpk.nunu ', 'kiara dodot\ndepan koprasi \ntoko ikmal', '', '', '', '', 1, '0000-00-00', ''),
(20, 'k1yfPW7emgwr852i', '', 'tb.sinar haruman', '', '', '', '', '', 1, '0000-00-00', ''),
(21, 'lHAxQwDWRpCucI9y', '', 'warung depan', '', '', '', '', '', 1, '0000-00-00', ''),
(22, 'l4yZKQwWRBicObDe', '', 'bpk.parman', 'tb.bangkit jaya', '', '081394939433', '', '', 1, '0000-00-00', ''),
(23, 'xo7zUf6YS5DI84bF', '', 'bpk.nunu ', 'kiaradodot', '', '', '', '', 1, '0000-00-00', ''),
(24, 'hk1FUexd0JN5Hj7V', '', 'tb.jaya purnama', '', '', '', '', '', 1, '0000-00-00', ''),
(25, 'QSTlWALIw5n8qYVy', '', 'mandor jajang', '', '', '', '', '', 1, '0000-00-00', ''),
(26, 'bBhx1AsX4MuFVTlU', '', 'tb.sahid jaya', '', '', '', '', '', 1, '0000-00-00', ''),
(27, 'yIp7lnto8r31TbZs', '', 'bpk.deden', 'leles', '', '', '', '', 1, '0000-00-00', ''),
(28, 'tW01uBNHK7Jb5E4i', '', 'bapak.Rohman', 'kp.jaringao', '', '', '', '', 1, '0000-00-00', ''),
(29, 'arqIwhvol7Jk4Nbm', '', 'BPK.ROHMAN', '', '', '', '', '', 1, '0000-00-00', ''),
(30, 'aLbJcCEtiFq8N0H2', '', 'konsumen lewat', '', '', '', '', '', 1, '0000-00-00', ''),
(31, 'nveMYzLJbmfEW0qZ', '', 'matrial bangkit jaya / bapak parman', '', '', '', '', '', 1, '0000-00-00', ''),
(32, 'RNEQoTiF0OmvjbXZ', '', 'pd.budi berkah', '', '', '', '', '', 1, '0000-00-00', ''),
(33, 'q6D529gUv01rohmk', '', 'BP.DEDEN', '', '', '', '', '', 1, '0000-00-00', ''),
(34, 'KwSpPlBuFfe416IL', '', 'konsumen', '', '', '', '', '', 1, '0000-00-00', ''),
(35, 'OD7dfE1rY9nwijR5', '', 'a ipan (panca laksana)', '', '', '', '', '', 1, '0000-00-00', ''),
(36, 'C3Pr9gEOaFGliyXp', '', 'a ipan (panca laksana)', '', '', '', '', '', 1, '0000-00-00', ''),
(37, 'SZJudnM96N41xKAH', '', 'konsumen', '', '', '', '', '', 1, '0000-00-00', ''),
(38, '5uxVLhlE7yQB1MCt', '', 'karoseri truck', '', '', '', '', '', 1, '0000-00-00', ''),
(39, 'mqULXrvM2juY3cHG', '', 'bp.parman(bangkit jaya)', '', '', '', '', '', 1, '0000-00-00', ''),
(40, 'J4YPfdaUKGgp6MA2', '', 'karoseri truck', '', '', '', '', '', 1, '0000-00-00', ''),
(41, 'UrfTPewjCKtnJFAO', '', 'hj.soleh', '', '', '', '', '', 1, '0000-00-00', ''),
(42, 'ZuKH24b36jscFRiU', '', 'pd.budi berkah', '', '', '', '', '', 1, '0000-00-00', ''),
(43, 'q1YiCxFAEzhD0ySn', '', 'bp.parman(bangkit jaya)', '', '', '', '', '', 1, '0000-00-00', ''),
(44, 'PhgxdZDa24U8f5lA', '', 'mandor jajang', '', '', '', '', '', 1, '0000-00-00', ''),
(45, 't4VBwLupfbP92aKW', '', 'bp.adi', '', '', '', '', '', 1, '0000-00-00', ''),
(46, '54SFnqtBNjvLDHf0', '', 'warung bu ade', '', '', '089531616200', '', '', 1, '0000-00-00', ''),
(47, 'BO9T6iSNuIPDcLpj', '', 'pd.budi berkah', '', '', '', '', '', 1, '0000-00-00', ''),
(48, '9eR3qkIwJDpKHB1U', '', 'pd.budi berkah', '', '', '', '', '', 1, '0000-00-00', ''),
(49, 'YTtHMI7Bnw8W0GZX', '', 'pd.budi berkah', '', '', '', '', '', 1, '0000-00-00', ''),
(50, 'iVDbA91dtG5qOBH2', '', 'a ipan (panca laksana)', '', '', '', '', '', 1, '0000-00-00', ''),
(51, 'raiSj4B37vnwpxX0', '', 'a adi', '', '', '085220711390', '', '', 1, '0000-00-00', ''),
(52, 'yPiYnrCuV24XsTJU', '', 'konsumen', '', '', '', '', '', 1, '0000-00-00', ''),
(53, '3nyevJZSYwMjxNiU', '', 'mandor jajang', '', '', '', '', '', 1, '0000-00-00', ''),
(54, 'v578W6LodpgZPuft', '', 'ibu hjh.ucu', 'kp.rujuk girang rt.01 rw 10', '', '082218799992', '', '', 1, '0000-00-00', ''),
(55, 'F7xGzHeqtTZJu4sN', '', 'konsumen', '', '', '', '', '', 1, '0000-00-00', ''),
(56, 'ZgcioCSVvNbFy5R6', '', 'konsumen', '', '', '', '', '', 1, '0000-00-00', ''),
(57, 'ymhvG5PdXNjC8Bc2', '', 'hj.soleh', '', '', '', '', '', 1, '0000-00-00', ''),
(58, 'qETHRC5bOrWlxQ9u', '', 'konsumen', '', '', '', '', '', 1, '0000-00-00', ''),
(59, 'WLhzQwKqF8p7Sl29', '', 'bapak agus', '', '', '', '', '', 1, '0000-00-00', ''),
(60, 'A0Z8YvwmTOVpQLbe', '', 'bp.agus', '', '', '', '', '', 1, '0000-00-00', ''),
(61, 'pGv1CBWK4qYFbzDP', '', 'hj.soleh', '', '', '', '', '', 1, '0000-00-00', ''),
(62, 'JLxD7lKCUXoh1prF', '', 'bapak.iwan', '', '', '', '', '', 1, '0000-00-00', ''),
(63, 'ezKduJwgkB7PMA5C', '', 'konsumen', '', '', '', '', '', 1, '0000-00-00', ''),
(64, 'po98ZR2tHI04cBm5', '', 'BPK.IWAN ( CEMPAKA)', '', '', '', '', '', 1, '0000-00-00', ''),
(65, 'Dosi1tP6hYIuGkvX', '', 'bp.iwan (cempaka)', '', '', '', '', '', 1, '0000-00-00', ''),
(66, 'rCYSnpkxvQTIezJ1', '', 'konsumen', '', '', '', '', '', 1, '0000-00-00', ''),
(67, 'ItZPYmkVOLyHleir', '', 'pb.maribaya ( konsumen limbangan)', '', '', '', '', '', 1, '0000-00-00', ''),
(68, 'Bm0bvWqM3icjNwGY', '', 'konsumen', '', '', '', '', '', 1, '0000-00-00', ''),
(69, 'IMCtQqme0lpEvkaw', '', 'matrial KRN', '', '', '', '', '', 1, '0000-00-00', ''),
(70, 'FdjRrJe30cqNpv4T', '', 'bapak.budi', '', '', '085221510508', '', '', 1, '0000-00-00', ''),
(71, 'Zt1h42rXDRBGAQfx', '', 'HARAPAN ABADI (KONSUMEN LMBGN)', '', '', '', '', '', 1, '0000-00-00', ''),
(72, 'ZDcFbpNPxC9Wtegl', '', 'konsumen', '', '', '', '', '', 1, '0000-00-00', ''),
(73, 'LpqEOA86XsmF2a0h', '', 'bp.parman(bangkit jaya)', '', '', '', '', '', 1, '0000-00-00', '');

-- --------------------------------------------------------

--
-- Table structure for table `master_pembelian`
--

CREATE TABLE `master_pembelian` (
  `no_order_pembelian` varchar(255) NOT NULL,
  `nomor_transaksi` varchar(255) NOT NULL,
  `tanggal_transaksi` datetime NOT NULL,
  `kode_supplier` varchar(255) NOT NULL,
  `total_pembelian` double NOT NULL,
  `diskon` double NOT NULL,
  `pajak_keluaran` double NOT NULL,
  `ongkir` double NOT NULL,
  `grand_total` double NOT NULL,
  `lampiran` varchar(255) NOT NULL,
  `status_bayar` int(1) NOT NULL,
  `tanggal_input` date NOT NULL,
  `user` varchar(255) NOT NULL
) ENGINE=InnoDB DEFAULT CHARSET=latin1;

--
-- Dumping data for table `master_pembelian`
--

INSERT INTO `master_pembelian` (`no_order_pembelian`, `nomor_transaksi`, `tanggal_transaksi`, `kode_supplier`, `total_pembelian`, `diskon`, `pajak_keluaran`, `ongkir`, `grand_total`, `lampiran`, `status_bayar`, `tanggal_input`, `user`) VALUES
('3nD5qouKwEHdl7t8', 'refad2003000069', '2020-03-09 00:00:00', 'BIR674', 1170000, 0, 0, 0, 1170000, '', 0, '2020-03-11', 'admin'),
('47tRMr3JdzTqVo51', '04ad200300003', '2020-03-05 00:00:00', 'BIR674', 47150000, 0, 0, 0, 47150000, '', 0, '2020-03-09', 'admin'),
('49RSNdopmubgK0rM', 'rev12', '2020-03-10 00:00:00', 'BIR674', 270500, 0, 0, 0, 270500, '', 1, '2020-03-13', 'admin'),
('7TgqBZAYbisQkeE6', '01ad2002000185', '2020-02-20 00:00:00', 'BIR674', 73806500, 0, 0, 0, 73806500, '', 0, '2020-03-09', 'admin'),
('E0gCfxlVw1i5mG3v', '08ad2003000055', '2020-03-06 00:00:00', 'BIR674', 17969260, 0, 0, 0, 17969260, '', 0, '2020-03-09', 'admin'),
('Gg5UXe2wPuaJNhc6', '041ad2003000003', '2020-01-03 00:00:00', 'BIR674', 1650000, 0, 0, 0, 1650000, '', 0, '2020-03-09', 'admin'),
('IEr1DtYhnZbyoAHV', 'refvisi', '2020-03-13 00:00:00', 'BIR674', 7886175, 0, 0, 0, 7886175, '', 1, '2020-03-13', 'admin'),
('jHJ9CiSd10ZL7Puv', 'AD2003000137', '2020-03-19 00:00:00', 'BIR674', 2240000, 0, 0, 0, 2240000, '', 0, '2020-03-19', 'ADMIN'),
('JMyLQHwd60YxFrPb', '03ad2003000002', '2020-01-03 00:00:00', 'BIR674', 59100000, 0, 0, 0, 59100000, '', 0, '2020-03-09', 'admin'),
('L6bcHr5KU1WzBYQh', 'refad2003000055', '2020-03-06 00:00:00', 'BIR674', 285000, 0, 0, 0, 285000, '', 0, '2020-03-11', 'admin'),
('NhR5LvZO14ExqfHj', 'ad2003000069', '2020-03-09 00:00:00', 'BIR674', 2793030, 0, 0, 0, 2793030, '', 0, '2020-03-10', 'admin'),
('nt2CobfZJjByi8L9', '05ad2003000010', '2020-02-03 00:00:00', 'BIR674', 85100000, 0, 0, 0, 85100000, '', 0, '2020-03-09', 'admin'),
('o4UeQ9Yjf8ZLMBFX', 'ad2003000003', '2020-03-11 00:00:00', 'BIR674', 708000, 0, 0, 0, 708000, '', 1, '2020-03-11', 'admin'),
('qOTwgcHKfiZN7Quy', 'ad2003000102', '2020-03-14 00:00:00', 'BIR674', 16047000, 0, 0, 0, 16047000, '', 0, '2020-03-14', 'admin'),
('tkSW34AUBbfXnpDH', 'ref11', '2020-03-12 00:00:00', 'BIR674', 2050500, 0, 0, 0, 2050500, '', 1, '2020-03-13', 'admin'),
('tRXfZh8bdEWkQlou', 'ad2003000076', '2020-03-10 00:00:00', 'BIR674', 1877500, 0, 0, 0, 1877500, '', 0, '2020-03-11', 'admin'),
('vripzu6E9kxLVFo5', 'revisi', '2020-03-13 00:00:00', 'BIR674', 1652000, 0, 0, 0, 1652000, '', 1, '2020-03-13', 'admin'),
('w6UhnGz7TBcIldb1', '09ad200300017', '2020-03-03 00:00:00', 'BIR674', 1190000, 0, 0, 0, 1190000, '', 0, '2020-03-10', 'admin'),
('WekgMCisvySNzwPp', '07ad2003000046', '2020-03-05 00:00:00', 'BIR674', 13500000, 0, 0, 0, 13500000, '', 0, '2020-03-09', 'admin'),
('wn6ABWJLt21FofmY', 'AD2003000152', '2020-03-22 00:00:00', 'BIR674', 9750000, 0, 0, 0, 9750000, '', 0, '2020-03-22', 'ADMIN'),
('ydYREPpsjLnOfqgS', '02ad2002000184', '2020-02-20 00:00:00', 'BIR674', 73806500, 0, 0, 0, 73806500, '', 0, '2020-03-09', 'admin'),
('Yu52TlkAiEozRZHM', '06ad2003000017', '2020-03-03 00:00:00', 'BIR674', 7992000, 0, 0, 0, 7992000, '', 0, '2020-03-09', 'admin'),
('zFL9JTCxBW6NRcKw', 'revesi', '2020-03-13 00:00:00', 'BIR674', 2250000, 0, 0, 0, 2250000, '', 1, '2020-03-13', 'admin');

-- --------------------------------------------------------

--
-- Table structure for table `master_penjualan`
--

CREATE TABLE `master_penjualan` (
  `id` int(11) NOT NULL,
  `no_order_penjualan` varchar(255) NOT NULL,
  `tanggal_transaksi` datetime NOT NULL,
  `no_faktur` varchar(255) NOT NULL,
  `id_pelanggan` varchar(255) NOT NULL,
  `total_penjualan` double NOT NULL DEFAULT 0,
  `diskon` double DEFAULT 0,
  `pajak_masukan` double NOT NULL DEFAULT 0,
  `ongkir` double NOT NULL DEFAULT 0,
  `grand_total` double NOT NULL DEFAULT 0,
  `status_bayar` int(1) NOT NULL,
  `tanggal_jatuh_tempo` date DEFAULT NULL,
  `tanggal_input` date NOT NULL,
  `sales` varchar(255) NOT NULL DEFAULT 'nosales',
  `user` varchar(255) NOT NULL,
  `no_polisi` varchar(255) NOT NULL
) ENGINE=InnoDB DEFAULT CHARSET=latin1;

--
-- Dumping data for table `master_penjualan`
--

INSERT INTO `master_penjualan` (`id`, `no_order_penjualan`, `tanggal_transaksi`, `no_faktur`, `id_pelanggan`, `total_penjualan`, `diskon`, `pajak_masukan`, `ongkir`, `grand_total`, `status_bayar`, `tanggal_jatuh_tempo`, `tanggal_input`, `sales`, `user`, `no_polisi`) VALUES
(1, 'OUT7285603', '2020-03-10 11:30:49', 'bbmkdr100320001', 'gWVKbRqSa0IrBhEL', 3532500, 0, 0, 0, 3532500, 1, NULL, '2020-03-10', 'nosales', 'tehsusi', ''),
(2, 'OUT2738019', '2020-03-09 12:13:32', 'bbmkdr100320002', 'mjXo3r8zMLKHiJQl', 24000, 0, 0, 0, 24000, 1, NULL, '2020-03-10', 'nosales', 'tehsusi', ''),
(3, 'OUT6854391', '2020-03-09 12:16:29', 'bbmkdr100320003', 'qMkc85NivphTIV0y', 620000, 0, 0, 0, 620000, 1, NULL, '2020-03-10', 'nosales', 'tehsusi', ''),
(4, 'OUT8270614', '2020-03-09 12:22:46', 'bbmkdr100320004', 'FwChVuyEbDA7KNUt', 1200000, 0, 0, 0, 1200000, 1, NULL, '2020-03-10', 'nosales', 'tehsusi', ''),
(5, 'OUT1643058', '2020-03-09 12:25:04', 'bbmkdr100320005', 'KsYNrCwDvL3y6bjW', 2065000, 0, 0, 0, 2065000, 1, NULL, '2020-03-10', 'nosales', 'tehsusi', ''),
(6, 'OUT7869523', '2020-03-10 12:39:42', 'bbmkdr100320006', 'tAPRqWnN2psJc17u', 4295000, 15000, 0, 0, 4280000, 1, NULL, '2020-03-10', 'nosales', 'tehsusi', ''),
(7, 'OUT0176954', '2020-03-10 12:43:00', 'bbmkdr100320007', 'dx0iI5LebPAmyoO6', 259000, 0, 0, 0, 259000, 1, NULL, '2020-03-10', 'nosales', 'tehsusi', ''),
(8, 'OUT6391452', '2020-03-10 12:46:00', 'bbmkdr100320008', 'lsAjSGxdMJ8kWZVp', 1506795, 0, 0, 0, 1506795, 1, NULL, '2020-03-10', 'nosales', 'tehsusi', ''),
(9, 'OUT6081439', '2020-03-10 12:47:25', 'bbmkdr100320009', 'PVxL1zundpAvsgeH', 52000, 0, 0, 0, 52000, 1, NULL, '2020-03-10', 'nosales', 'tehsusi', ''),
(10, 'OUT6250983', '2020-03-10 12:49:50', 'bbmkdr100320010', 'q6Yb4goaSPZAX0Rw', 3366000, 0, 0, 0, 3366000, 1, NULL, '2020-03-10', 'nosales', 'tehsusi', ''),
(11, 'OUT5231948', '2020-03-10 13:47:36', 'bbmkdr100320011', 'igI2FmKuVtMZWQwe', 98000, 0, 0, 0, 98000, 1, NULL, '2020-03-10', 'nosales', 'tehsusi', ''),
(12, 'OUT6028715', '2020-03-10 13:50:06', 'bbmkdr100320012', 'svPdQ5TiGXHn1LEp', 43000, 0, 0, 0, 43000, 1, NULL, '2020-03-10', 'nosales', 'tehsusi', ''),
(13, 'OUT0586743', '2020-03-10 14:30:18', 'bbmkdr100320013', 'spdfUC6hjlDZqBkb', 1233120, 0, 0, 0, 1233120, 1, NULL, '2020-03-10', 'nosales', 'tehsusi', ''),
(14, 'OUT5178234', '2020-03-10 14:35:07', 'bbmkdr100320014', '3uLqS4w0AYhVrlDB', 2781000, 0, 0, 0, 2781000, 1, NULL, '2020-03-10', 'nosales', 'tehsusi', ''),
(15, 'OUT3245760', '2020-03-10 14:38:53', 'bbmkdr100320015', 'C2XUSa5ctfpTYxsn', 1460000, 0, 0, 0, 1460000, 1, NULL, '2020-03-10', 'nosales', 'tehsusi', ''),
(16, 'OUT3276145', '2020-03-10 14:45:56', 'bbmkdr100320016', 'bHq4j8rBVP0xS1DA', 313000, 0, 0, 0, 313000, 1, NULL, '2020-03-10', 'nosales', 'tehsusi', ''),
(17, 'OUT3019825', '2020-03-10 14:48:28', 'bbmkdr100320017', 'Pak4D1Fgzbnw2X8W', 1150000, 0, 0, 0, 1150000, 1, NULL, '2020-03-10', 'nosales', 'tehsusi', ''),
(18, 'OUT5620841', '2020-03-10 14:57:50', 'bbmkdr100320018', 'O0uDQYcKAq5INB3C', 63000, 0, 0, 0, 63000, 1, NULL, '2020-03-10', 'nosales', 'tehsusi', ''),
(19, 'OUT3526189', '2020-03-10 15:05:38', 'bbmkdr100320019', 'M8YOqZvt0F2s3h9D', 3532500, 0, 0, 0, 3532500, 1, NULL, '2020-03-10', 'nosales', 'tehsusi', ''),
(20, 'OUT5732918', '2020-03-10 15:07:49', 'bbmkdr100320020', 'k1yfPW7emgwr852i', 897000, 0, 0, 0, 897000, 1, NULL, '2020-03-10', 'nosales', 'tehsusi', ''),
(21, 'OUT8621594', '2020-03-10 15:08:49', 'bbmkdr100320021', 'lHAxQwDWRpCucI9y', 12000, 0, 0, 0, 12000, 1, NULL, '2020-03-10', 'nosales', 'tehsusi', 'a123asd'),
(22, 'OUT8510346', '2020-03-11 14:38:13', 'bbmkdr110320022', 'l4yZKQwWRBicObDe', 2395000, 0, 0, 0, 2395000, 1, NULL, '2020-03-11', 'nosales', 'tehsusi', 'Z8692DO'),
(23, 'OUT2681705', '2020-03-11 17:04:02', 'bbmkdr110320023', 'xo7zUf6YS5DI84bF', 687500, 0, 0, 0, 687500, 1, NULL, '2020-03-11', 'nosales', 'tehsusi', ''),
(24, 'OUT1674589', '2020-03-12 11:51:35', 'bbmkdr120320024', 'hk1FUexd0JN5Hj7V', 288000, 0, 0, 0, 288000, 1, NULL, '2020-03-12', 'nosales', 'tehsusi', ''),
(25, 'OUT8319502', '2020-03-12 11:53:28', 'bbmkdr120320025', 'QSTlWALIw5n8qYVy', 510000, 0, 0, 0, 510000, 1, NULL, '2020-03-12', 'nosales', 'tehsusi', ''),
(26, 'OUT8520439', '2020-03-12 11:54:43', 'bbmkdr120320026', 'bBhx1AsX4MuFVTlU', 120000, 0, 0, 0, 120000, 1, NULL, '2020-03-12', 'nosales', 'tehsusi', ''),
(27, 'OUT0783912', '2020-03-12 13:50:31', 'bbmkdr120320027', 'yIp7lnto8r31TbZs', 176000, 0, 0, 0, 176000, 1, NULL, '2020-03-12', 'nosales', 'tehsusi', ''),
(28, 'OUT6159804', '2020-03-13 10:32:37', 'bbmkdr130320028', 'tW01uBNHK7Jb5E4i', 656000, 0, 0, 0, 656000, 1, NULL, '2020-03-13', 'nosales', 'tehsusi', ''),
(29, 'OUT3051427', '2020-03-13 10:41:28', 'bbmkdr130320029', 'arqIwhvol7Jk4Nbm', 130000, 0, 0, 0, 130000, 1, NULL, '2020-03-13', 'nosales', 'tehsusi', 'Z8692DO'),
(30, 'OUT3028594', '2020-03-13 11:34:08', 'bbmkdr130320030', 'aLbJcCEtiFq8N0H2', 28000, 0, 0, 0, 28000, 1, NULL, '2020-03-13', 'nosales', 'tehsusi', ''),
(31, 'OUT2570839', '2020-03-13 12:33:06', 'bbmkdr130320031', 'nveMYzLJbmfEW0qZ', 1676000, 0, 0, 0, 1676000, 1, NULL, '2020-03-13', 'nosales', 'tehsusi', 'Z8692DO'),
(32, 'OUT0986327', '2020-03-13 12:52:19', 'bbmkdr130320032', 'RNEQoTiF0OmvjbXZ', 550000, 0, 0, 0, 550000, 1, NULL, '2020-03-13', 'nosales', 'tehsusi', 'D8692DO'),
(33, 'OUT3607142', '2020-03-13 15:20:45', 'bbmkdr130320033', 'q6D529gUv01rohmk', 484000, 0, 0, 0, 484000, 1, NULL, '2020-03-13', 'nosales', 'tehsusi', ''),
(34, 'OUT0382519', '2020-03-13 15:51:56', 'bbmkdr130320034', 'KwSpPlBuFfe416IL', 12000, 0, 0, 0, 12000, 1, NULL, '2020-03-13', 'nosales', 'tehsusi', ''),
(35, 'OUT4937851', '2020-03-14 10:07:48', 'bbmkdr140320035', 'OD7dfE1rY9nwijR5', 1600000, 0, 0, 0, 1600000, 1, NULL, '2020-03-14', 'nosales', 'tehsusi', ''),
(36, 'OUT5012837', '2020-03-14 10:09:03', 'bbmkdr140320036', 'C3Pr9gEOaFGliyXp', 140000, 0, 0, 0, 140000, 1, NULL, '2020-03-14', 'nosales', 'tehsusi', ''),
(37, 'OUT1495768', '2020-03-14 10:09:51', 'bbmkdr140320037', 'SZJudnM96N41xKAH', 45000, 0, 0, 0, 45000, 1, NULL, '2020-03-14', 'nosales', 'tehsusi', ''),
(38, 'OUT6974021', '2020-03-14 10:25:27', 'bbmkdr140320038', '5uxVLhlE7yQB1MCt', 168500, 0, 0, 0, 168500, 1, NULL, '2020-03-14', 'nosales', 'tehsusi', ''),
(39, 'OUT7942603', '2020-03-14 10:28:34', 'bbmkdr140320039', 'mqULXrvM2juY3cHG', 263000, 0, 0, 0, 263000, 1, NULL, '2020-03-14', 'nosales', 'tehsusi', ''),
(40, 'OUT1257849', '2020-03-14 10:57:45', 'bbmkdr140320040', 'J4YPfdaUKGgp6MA2', 24000, 0, 0, 0, 24000, 1, NULL, '2020-03-14', 'nosales', 'tehsusi', ''),
(41, 'OUT4805967', '2020-03-14 11:50:42', 'bbmkdr140320041', 'UrfTPewjCKtnJFAO', 22000, 0, 0, 0, 22000, 1, NULL, '2020-03-14', 'nosales', 'tehsusi', ''),
(42, 'OUT8741305', '2020-03-15 09:02:47', 'bbmkdr150320042', 'ZuKH24b36jscFRiU', 1076000, 0, 0, 0, 1076000, 1, NULL, '2020-03-15', 'nosales', 'tehsusi', 'Z8692DO'),
(43, 'OUT9184236', '2020-03-15 09:27:08', 'bbmkdr150320043', 'q1YiCxFAEzhD0ySn', 840000, 0, 0, 0, 840000, 1, NULL, '2020-03-15', 'nosales', 'TEHSUSI', ''),
(44, 'OUT3920841', '2020-03-15 09:57:37', 'bbmkdr150320044', 'PhgxdZDa24U8f5lA', 1646800, 0, 0, 0, 1646800, 1, NULL, '2020-03-15', 'nosales', 'TEHSUSI', 'Z8692DO'),
(45, 'OUT3084615', '2020-03-16 07:34:15', 'bbmkdr160320045', 't4VBwLupfbP92aKW', 150000, 0, 0, 0, 150000, 1, NULL, '2020-03-16', 'nosales', 'tehsusi', ''),
(46, 'OUT3617952', '2020-03-16 07:50:39', 'bbmkdr160320046', '54SFnqtBNjvLDHf0', 590000, 0, 0, 0, 590000, 1, NULL, '2020-03-16', 'nosales', 'tehsusi', ''),
(47, 'OUT0742698', '2020-03-16 08:00:06', 'bbmkdr160320047', 'BO9T6iSNuIPDcLpj', 800000, 0, 0, 0, 800000, 1, NULL, '2020-03-16', 'nosales', 'TEHSUSI', ''),
(48, 'OUT9725648', '2020-03-16 09:01:16', 'bbmkdr160320048', '9eR3qkIwJDpKHB1U', 300000, 0, 0, 0, 300000, 1, NULL, '2020-03-16', 'nosales', 'tehsusi', ''),
(49, 'OUT7096483', '2020-03-16 13:05:18', 'bbmkdr160320049', 'YTtHMI7Bnw8W0GZX', 132000, 0, 0, 0, 132000, 1, NULL, '2020-03-16', 'nosales', 'TEHSUSI', ''),
(50, 'OUT1697423', '2020-03-16 13:22:17', 'bbmkdr160320050', 'iVDbA91dtG5qOBH2', 2154000, 0, 0, 0, 2154000, 1, NULL, '2020-03-16', 'nosales', 'TEHSUSI', 'Z8692DO'),
(51, 'OUT3648907', '2020-03-17 07:45:02', 'bbmkdr170320051', 'raiSj4B37vnwpxX0', 716500, 0, 0, 0, 716500, 1, NULL, '2020-03-17', 'nosales', 'tehsusi', 'Z8692DO'),
(52, 'OUT8354760', '2020-03-17 07:53:54', 'bbmkdr170320052', 'yPiYnrCuV24XsTJU', 27000, 0, 0, 0, 27000, 1, NULL, '2020-03-17', 'nosales', 'tehsusi', ''),
(53, 'OUT2713084', '2020-03-17 14:35:10', 'bbmkdr170320053', '3nyevJZSYwMjxNiU', 2000100, 0, 0, 0, 2000100, 1, NULL, '2020-03-17', 'nosales', 'TEHSUSI', ''),
(54, 'OUT6510487', '2020-03-18 07:04:11', 'bbmkdr180320054', 'v578W6LodpgZPuft', 2516000, 0, 0, 0, 2516000, 1, NULL, '2020-03-18', 'nosales', 'tehsusi', 'Z8692DO'),
(55, 'OUT7438560', '2020-03-18 08:29:43', 'bbmkdr180320055', 'F7xGzHeqtTZJu4sN', 22500, 0, 0, 0, 22500, 1, NULL, '2020-03-18', 'nosales', 'tehsusi', ''),
(56, 'OUT0926143', '2020-03-18 13:35:26', 'bbmkdr180320056', 'ZgcioCSVvNbFy5R6', 211000, 0, 0, 0, 211000, 1, NULL, '2020-03-18', 'nosales', 'tehsusi', ''),
(57, 'OUT0465289', '2020-03-19 10:58:06', 'bbmkdr190320057', 'ymhvG5PdXNjC8Bc2', 122500, 0, 0, 0, 122500, 1, NULL, '2020-03-19', 'nosales', 'tehsusi', ''),
(58, 'OUT2487190', '2020-03-19 11:21:04', 'bbmkdr190320058', 'qETHRC5bOrWlxQ9u', 194500, 0, 0, 0, 194500, 1, NULL, '2020-03-19', 'nosales', 'tehsusi', ''),
(59, 'OUT0598216', '2020-03-19 13:22:45', 'bbmkdr190320059', 'WLhzQwKqF8p7Sl29', 173000, 0, 0, 0, 173000, 1, NULL, '2020-03-19', 'nosales', 'tehsusi', ''),
(60, 'OUT6418539', '2020-03-19 13:31:19', 'bbmkdr190320060', 'A0Z8YvwmTOVpQLbe', 49000, 0, 0, 0, 49000, 1, NULL, '2020-03-19', 'nosales', 'tehsusi', ''),
(61, 'OUT9258401', '2020-03-19 14:20:11', 'bbmkdr190320061', 'pGv1CBWK4qYFbzDP', 196000, 0, 0, 0, 196000, 1, NULL, '2020-03-19', 'nosales', 'tehsusi', ''),
(62, 'OUT6721849', '2020-03-19 15:12:35', 'bbmkdr190320062', 'JLxD7lKCUXoh1prF', 3961000, 0, 0, 0, 3961000, 1, NULL, '2020-03-19', 'nosales', 'tehsusi', 'Z8692DO'),
(63, 'OUT9836512', '2020-03-19 15:21:08', 'bbmkdr190320063', 'ezKduJwgkB7PMA5C', 22500, 0, 0, 0, 22500, 1, NULL, '2020-03-19', 'nosales', 'tehsusi', ''),
(64, 'OUT4693521', '2020-03-19 15:43:41', 'bbmkdr190320064', 'po98ZR2tHI04cBm5', 680000, 0, 0, 0, 680000, 1, NULL, '2020-03-19', 'nosales', 'TEHSUSI', 'D8692DO'),
(65, 'OUT9025618', '2020-03-20 13:38:02', 'bbmkdr200320065', 'Dosi1tP6hYIuGkvX', 88000, 0, 0, 0, 88000, 1, NULL, '2020-03-20', 'nosales', 'tehsusi', ''),
(66, 'OUT0243957', '2020-03-20 15:23:03', 'bbmkdr200320066', 'rCYSnpkxvQTIezJ1', 71000, 0, 0, 0, 71000, 1, NULL, '2020-03-20', 'nosales', 'tehsusi', ''),
(67, 'OUT5324709', '2020-03-21 10:26:54', 'bbmkdr210320067', 'ItZPYmkVOLyHleir', 960000, 0, 0, 0, 960000, 1, NULL, '2020-03-21', 'nosales', 'tehsusi', ''),
(68, 'OUT9241705', '2020-03-21 14:02:20', 'bbmkdr210320068', 'Bm0bvWqM3icjNwGY', 8000, 0, 0, 0, 8000, 1, NULL, '2020-03-21', 'nosales', 'TEHSUSI', ''),
(69, 'OUT6319548', '2020-03-21 15:10:41', 'bbmkdr210320069', 'IMCtQqme0lpEvkaw', 112000, 0, 0, 0, 112000, 1, NULL, '2020-03-21', 'nosales', 'tehsusi', ''),
(70, 'OUT7541832', '2020-03-22 07:52:03', 'bbmkdr220320070', 'FdjRrJe30cqNpv4T', 644000, 0, 0, 0, 644000, 1, NULL, '2020-03-22', 'nosales', 'tehsusi', 'Z8692DO'),
(71, 'OUT4029167', '2020-03-22 08:29:06', 'bbmkdr220320071', 'Zt1h42rXDRBGAQfx', 3234000, 0, 0, 0, 3234000, 1, NULL, '2020-03-22', 'nosales', 'tehsusi', ''),
(72, 'OUT0478359', '2020-03-22 10:10:14', 'bbmkdr220320072', 'ZDcFbpNPxC9Wtegl', 125000, 0, 0, 0, 125000, 1, NULL, '2020-03-22', 'nosales', 'TEHSUSI', ''),
(73, 'OUT1976832', '2020-03-22 10:41:56', 'bbmkdr220320073', 'LpqEOA86XsmF2a0h', 2090000, 0, 0, 0, 2090000, 1, NULL, '2020-03-22', 'nosales', 'TEHSUSI', 'z8692do');

-- --------------------------------------------------------

--
-- Table structure for table `master_persediaan`
--

CREATE TABLE `master_persediaan` (
  `id` int(11) NOT NULL,
  `kode_barang` varchar(128) NOT NULL,
  `jumlah_persediaan` double NOT NULL,
  `jumlah_keranjang` double NOT NULL,
  `jumlah_persediaan_sementara` double NOT NULL COMMENT 'temporary jumlah persediaan setelah di pesan',
  `tanggal_input` datetime NOT NULL,
  `no_order_terakhir` varchar(255) NOT NULL
) ENGINE=InnoDB DEFAULT CHARSET=latin1;

-- --------------------------------------------------------

--
-- Table structure for table `master_piutang`
--

CREATE TABLE `master_piutang` (
  `id` int(11) NOT NULL,
  `no_faktur` varchar(255) NOT NULL,
  `tanggal_jatuh_tempo` date NOT NULL,
  `total_tagihan` double NOT NULL,
  `total_pembayaran` double NOT NULL,
  `down_payment` double NOT NULL DEFAULT 0,
  `sisa_piutang` double NOT NULL DEFAULT 0,
  `tanggal_input` date NOT NULL,
  `user` varchar(255) NOT NULL
) ENGINE=InnoDB DEFAULT CHARSET=latin1;

-- --------------------------------------------------------

--
-- Table structure for table `master_purchase_order`
--

CREATE TABLE `master_purchase_order` (
  `id` int(11) NOT NULL,
  `tanggal_transaksi` datetime NOT NULL,
  `no_order` varchar(255) NOT NULL,
  `sales` varchar(255) NOT NULL,
  `id_pelanggan` varchar(255) NOT NULL,
  `total_penjualan` double NOT NULL,
  `diskon` double NOT NULL,
  `pajak_masukan` double NOT NULL,
  `ongkir` double NOT NULL,
  `grand_total` double NOT NULL,
  `tanggal_input` datetime NOT NULL,
  `user` varchar(255) NOT NULL,
  `admin` varchar(255) NOT NULL,
  `status_po` int(11) NOT NULL DEFAULT 1
) ENGINE=InnoDB DEFAULT CHARSET=latin1;

-- --------------------------------------------------------

--
-- Table structure for table `master_retur_pembelian`
--

CREATE TABLE `master_retur_pembelian` (
  `id` int(11) NOT NULL,
  `nomor_transaksi_asli` varchar(255) NOT NULL,
  `nomor_transaksi` varchar(255) NOT NULL,
  `kode_supplier` varchar(255) NOT NULL,
  `retur_total` double NOT NULL,
  `retur_diskon` double NOT NULL,
  `retur_pajak` double NOT NULL,
  `retur_grand_total` double NOT NULL,
  `user` varchar(255) NOT NULL,
  `tanggal` timestamp NOT NULL DEFAULT current_timestamp() ON UPDATE current_timestamp(),
  `tanggal_transaksi` datetime NOT NULL
) ENGINE=InnoDB DEFAULT CHARSET=latin1;

--
-- Dumping data for table `master_retur_pembelian`
--

INSERT INTO `master_retur_pembelian` (`id`, `nomor_transaksi_asli`, `nomor_transaksi`, `kode_supplier`, `retur_total`, `retur_diskon`, `retur_pajak`, `retur_grand_total`, `user`, `tanggal`, `tanggal_transaksi`) VALUES
(7, '01ad2002000185', 'RTR-01ad2002000185', 'BIR674', 779000, 0, 0, 779000, 'admin', '2020-03-11 05:18:33', '2020-03-11 12:18:33'),
(8, '02ad2002000184', 'RTR-02ad2002000184', 'BIR674', 14338500, 0, 0, 14338500, 'admin', '2020-03-13 12:49:27', '2020-03-13 19:49:27'),
(9, '08ad2003000055', 'RTR-08ad2003000055', 'BIR674', 2025000, 0, 0, 2025000, 'admin', '2020-03-13 13:02:56', '2020-03-13 20:02:56'),
(10, '04ad200300003', 'RTR-04ad200300003', 'BIR674', 1237500, 0, 0, 1237500, 'admin', '2020-03-13 13:14:22', '2020-03-13 20:14:22'),
(11, 'rev12', 'RTR-rev12', 'BIR674', 131000, 0, 0, 131000, 'admin', '2020-03-14 04:17:25', '2020-03-14 11:17:25'),
(13, '06ad2003000017', 'RTR-06ad2003000017', 'BIR674', 1441000, 0, 0, 1441000, 'admin', '2020-03-14 04:25:58', '2020-03-14 11:25:58');

-- --------------------------------------------------------

--
-- Table structure for table `master_retur_penjualan`
--

CREATE TABLE `master_retur_penjualan` (
  `id` int(11) NOT NULL,
  `nomor_faktur_asli` varchar(255) NOT NULL,
  `nomor_faktur` varchar(255) NOT NULL,
  `id_pelanggan` varchar(255) NOT NULL,
  `retur_total` double NOT NULL,
  `retur_diskon` double NOT NULL,
  `retur_pajak` double NOT NULL,
  `retur_grand_total` double NOT NULL,
  `user` varchar(255) NOT NULL,
  `tanggal` timestamp NOT NULL DEFAULT current_timestamp() ON UPDATE current_timestamp(),
  `tanggal_transaksi` datetime NOT NULL
) ENGINE=InnoDB DEFAULT CHARSET=latin1;

--
-- Dumping data for table `master_retur_penjualan`
--

INSERT INTO `master_retur_penjualan` (`id`, `nomor_faktur_asli`, `nomor_faktur`, `id_pelanggan`, `retur_total`, `retur_diskon`, `retur_pajak`, `retur_grand_total`, `user`, `tanggal`, `tanggal_transaksi`) VALUES
(1, 'bbmkdr100320006', 'RTR-bbmkdr100320006', 'tAPRqWnN2psJc17u', 4220000, 15000, 420500, 4625500, 'admin', '2020-03-11 05:03:35', '2020-03-11 12:03:35'),
(2, 'bbmkdr100320019', 'RTR-bbmkdr100320019', 'M8YOqZvt0F2s3h9D', 3532500, 0, 353250, 3885750, 'admin', '2020-03-11 05:12:16', '2020-03-11 12:12:16'),
(3, 'bbmkdr190320064', 'RTR-bbmkdr190320064', 'po98ZR2tHI04cBm5', 272000, 0, 27200, 299200, 'admin', '2020-03-19 08:52:46', '2020-03-19 15:52:46');

-- --------------------------------------------------------

--
-- Table structure for table `master_saldo_awal`
--

CREATE TABLE `master_saldo_awal` (
  `id` int(11) NOT NULL,
  `kode_barang` varchar(255) NOT NULL,
  `nomor_faktur` varchar(255) NOT NULL,
  `qty_awal` double NOT NULL,
  `saldo_awal` double NOT NULL,
  `harga_awal` double NOT NULL,
  `tanggal_input` datetime NOT NULL,
  `tanggal_saldo` datetime NOT NULL,
  `user` varchar(255) NOT NULL
) ENGINE=InnoDB DEFAULT CHARSET=latin1;

-- --------------------------------------------------------

--
-- Table structure for table `master_sales`
--

CREATE TABLE `master_sales` (
  `kode_sales` varchar(255) NOT NULL,
  `kode_pegawai` varchar(255) NOT NULL,
  `nama_sales` varchar(255) NOT NULL,
  `status` varchar(255) NOT NULL,
  `insentif` double NOT NULL DEFAULT 0
) ENGINE=InnoDB DEFAULT CHARSET=latin1;

-- --------------------------------------------------------

--
-- Table structure for table `master_satuan_barang`
--

CREATE TABLE `master_satuan_barang` (
  `id_satuan` int(11) NOT NULL,
  `kode_satuan` varchar(255) NOT NULL,
  `nama_satuan` varchar(255) NOT NULL,
  `keterangan` text NOT NULL,
  `user` varchar(255) NOT NULL,
  `tanggal_input` datetime NOT NULL
) ENGINE=InnoDB DEFAULT CHARSET=latin1;

--
-- Dumping data for table `master_satuan_barang`
--

INSERT INTO `master_satuan_barang` (`id_satuan`, `kode_satuan`, `nama_satuan`, `keterangan`, `user`, `tanggal_input`) VALUES
(6, 'BTG', 'BATANG', 'untuk produk batangan', 'supervisor', '2020-02-29 08:20:49'),
(7, 'MTR', 'METER', 'Untuk satuan meter', 'supervisor', '2020-02-29 08:21:02'),
(8, 'LBR', 'LEMBAR', 'Untuk satuan lembar', 'supervisor', '2020-02-29 08:21:17'),
(9, 'KLG', 'KALENG', 'untuk satuan kaleng', 'supervisor', '2020-02-29 08:23:05'),
(10, 'DUS', 'DUS', 'untuk satuan dus', 'supervisor', '2020-02-29 08:23:19'),
(11, 'PCS', 'PIECES', 'untuk satuan pieces', 'supervisor', '2020-02-29 08:23:31'),
(12, 'KG', 'KILOGRAM', 'untuk satuan kilogram', 'supervisor', '2020-02-29 08:23:48');

-- --------------------------------------------------------

--
-- Table structure for table `master_setting`
--

CREATE TABLE `master_setting` (
  `id` int(11) NOT NULL,
  `nama_setting` varchar(255) NOT NULL,
  `value` varchar(1024) NOT NULL,
  `tanggal` timestamp NOT NULL DEFAULT current_timestamp() ON UPDATE current_timestamp()
) ENGINE=InnoDB DEFAULT CHARSET=latin1;

--
-- Dumping data for table `master_setting`
--

INSERT INTO `master_setting` (`id`, `nama_setting`, `value`, `tanggal`) VALUES
(1, 'nama_perusahaan', 'TOKO BESI BERKAH BAJA MAKMUR CABANG KADUNGORA', '2020-03-13 08:36:29'),
(2, 'alamat_perusahaan', 'Jl Raya Kadungora No .73 Talagasari Kec.Kadungora Kab.Garut Jawa Barat', '2020-03-10 05:59:40'),
(3, 'nomor_telepon', '0822 1787 6439', '2020-03-10 05:59:40'),
(4, 'nomor_fax', '0822 1787 6469', '2020-03-13 08:36:29'),
(5, 'alamat_email', 'bbmkadungora@gmail.com', '2020-03-01 04:50:43'),
(6, 'logo_perusahaan', 't7bQeA3qsT28E9F0.png', '2020-03-01 04:50:37'),
(7, 'prefix_faktur', 'bbmkdr', '2020-03-01 04:51:14'),
(8, 'nomor_faktur', '3', '2020-03-01 04:51:14'),
(9, 'catatan_faktur_cash', 'No Rek BCA : 148-098-0570\nNo Rek BNI : 033-078-6610\nNo Rek Mandiri : 177-00-00494-655\nNo Rek BRI : 0025-01-000778-56-6\na.n Bpk. Aten Aripin', '2020-03-05 11:15:21'),
(10, 'catatan_faktur_kredit', 'asss', '2020-02-25 06:34:05'),
(11, 'catatan_retur_jual', 'asdasda', '2020-02-24 11:58:09'),
(12, 'catatan_retur_beli', 'asdasda', '2020-02-24 11:58:09'),
(13, 'password_harga', '5', '2020-02-29 13:57:52'),
(14, 'komisi_sales', '0.5', '2020-03-01 04:51:28'),
(15, 'notifikasi', '2,3', '2020-02-25 14:18:42'),
(16, 'frekuensi_notifikasi', '20', '2020-02-25 14:24:49'),
(17, 'threshold_bonus', '20000000', '2020-03-10 02:40:00'),
(18, 'bonus_senior', '15000', '2020-03-03 12:45:01'),
(19, 'bonus_junior', '10000', '2020-03-03 12:45:01');

-- --------------------------------------------------------

--
-- Table structure for table `master_stok_opname`
--

CREATE TABLE `master_stok_opname` (
  `id` int(11) NOT NULL,
  `nomor_referensi` varchar(255) NOT NULL,
  `tanggal` datetime NOT NULL,
  `keterangan` text NOT NULL,
  `status` int(11) NOT NULL DEFAULT 0,
  `user` varchar(255) NOT NULL,
  `spv` varchar(255) NOT NULL
) ENGINE=InnoDB DEFAULT CHARSET=latin1;

--
-- Dumping data for table `master_stok_opname`
--

INSERT INTO `master_stok_opname` (`id`, `nomor_referensi`, `tanggal`, `keterangan`, `status`, `user`, `spv`) VALUES
(1, 'REF7853409', '2020-03-12 00:00:00', 'stok fisik 1', 0, 'admin', ''),
(2, 'REF9576438', '2020-03-12 15:47:13', 'opname 2', 2, 'admin', 'a.yodi'),
(3, 'REF7293514', '2020-03-13 19:37:07', 'opname 3', 2, 'admin', 'a.yodi'),
(4, 'REF0392451', '2020-03-13 19:40:31', 'opname besi', 2, 'admin', 'a.yodi'),
(5, 'REF2367498', '2020-03-13 19:43:57', 'opname selisih brang', 2, 'admin', 'a.yodi');

-- --------------------------------------------------------

--
-- Table structure for table `master_supplier`
--

CREATE TABLE `master_supplier` (
  `kode_supplier` varchar(128) NOT NULL,
  `nama_supplier` varchar(255) NOT NULL,
  `alamat` text NOT NULL,
  `nomor_telepon` varchar(128) NOT NULL,
  `npwp` varchar(255) NOT NULL,
  `nomor_rekening` text NOT NULL,
  `keterangan` text NOT NULL,
  `user` varchar(255) NOT NULL,
  `tanggal_input` datetime NOT NULL
) ENGINE=InnoDB DEFAULT CHARSET=latin1;

--
-- Dumping data for table `master_supplier`
--

INSERT INTO `master_supplier` (`kode_supplier`, `nama_supplier`, `alamat`, `nomor_telepon`, `npwp`, `nomor_rekening`, `keterangan`, `user`, `tanggal_input`) VALUES
('BIR674', 'PRODUKSI ', '-', '-', '', '-----', '-', 'supervisor', '2020-02-29 09:24:44'),
('BMX310', 'PAK MUMU', '-', '-', '', '-----', '-', 'supervisor', '2020-02-29 09:25:31'),
('DDW516', 'PT NEWLAND STEEL', '-', '-', '', '-----', '-', 'supervisor', '2020-02-29 09:25:56'),
('ESF053', 'PROFIT', '-', '-', '', '-----', '-', 'supervisor', '2020-02-29 09:57:03'),
('FCL359', 'PT SMS STEEL', '-', '0', '', '0-BANK--', '-', 'supervisor', '2020-02-29 09:23:56'),
('HWI209', 'BBS', '-', '-', '__.___.___._-___.___', '-----', '-', 'supervisor', '2020-02-29 09:24:29'),
('OCZ285', 'PT HUAXING INSUSTRIES', '-', '-', '', '-----', '-', 'supervisor', '2020-02-29 09:24:15'),
('SMV257', 'LANGGENG JAYA TEKNIK', '-', '-', '', '-----', '-', 'supervisor', '2020-02-29 09:24:57'),
('VQT270', 'PMB', '-', '-', '', '-----', '-', 'supervisor', '2020-02-29 09:26:24'),
('XQO406', 'PT KUDA BERLIAN MEGAH', '-', '-', '', '-----', '-', 'supervisor', '2020-02-29 09:25:12');

-- --------------------------------------------------------

--
-- Table structure for table `master_tipe_barang`
--

CREATE TABLE `master_tipe_barang` (
  `id_tipe` int(11) NOT NULL,
  `nama_tipe` varchar(255) NOT NULL,
  `keterangan` text NOT NULL,
  `user` varchar(255) NOT NULL,
  `timestamp` timestamp NOT NULL DEFAULT current_timestamp() ON UPDATE current_timestamp()
) ENGINE=InnoDB DEFAULT CHARSET=latin1;

--
-- Dumping data for table `master_tipe_barang`
--

INSERT INTO `master_tipe_barang` (`id_tipe`, `nama_tipe`, `keterangan`, `user`, `timestamp`) VALUES
(1, 'INVENTORY', 'TIPE UNTUK BARANG YANG DIJUAL', '', '2020-01-25 03:59:03'),
(2, 'NON-INVENTORY', 'TIPE UNTUK BARANG YANG TIDAK DIJUAL, CONTOH PERALATAN KANTOR', '', '2020-01-25 03:59:03'),
(3, 'JASA', 'TIPE BARANG YANG TIDAK BERUPA, SEPERTI JASA PENGANTAR BARANG, JASA RAKITAN', '', '2020-01-25 03:59:03'),
(4, 'RAKITAN', 'TIPE BARANG BUNDLING, SEPERTI PAKET SEMABAKO', '', '2020-01-25 03:59:03');

-- --------------------------------------------------------

--
-- Table structure for table `master_user`
--

CREATE TABLE `master_user` (
  `username` varchar(255) NOT NULL,
  `nip` varchar(255) NOT NULL,
  `password` varchar(255) NOT NULL,
  `role` varchar(255) NOT NULL,
  `nama` varchar(255) NOT NULL,
  `avatar` varchar(255) NOT NULL DEFAULT 'default.jpg',
  `status` int(1) NOT NULL,
  `last_activity` datetime NOT NULL,
  `tanggal_create` datetime NOT NULL,
  `isactive` int(1) NOT NULL DEFAULT 1,
  `is_del` int(1) NOT NULL DEFAULT 0
) ENGINE=InnoDB DEFAULT CHARSET=latin1;

--
-- Dumping data for table `master_user`
--

INSERT INTO `master_user` (`username`, `nip`, `password`, `role`, `nama`, `avatar`, `status`, `last_activity`, `tanggal_create`, `isactive`, `is_del`) VALUES
('a.yodi', '002', '$2y$10$0VUbwIZWXeWOc.4RdmX8yOM.7tKBcONivHhR4E33BOfOj3AAtC1i2', '4', 'YODI', 'default.jpg', 0, '2020-03-22 11:44:56', '0000-00-00 00:00:00', 1, 0),
('admin', '003', '$2y$10$EZSYoutWpF61NJngkoEgZuKu3KaVT.kXcCJtsUDtNsFGCT5uLKdwq', '2', 'JODI', 'default.jpg', 0, '2020-03-22 12:01:50', '0000-00-00 00:00:00', 1, 0),
('manajer', '1', '$2y$10$Z.wVyoe9feypSG31/yGrhulh1abnvFshzx6nUSQBq5yZlmlVUeiLO', '5', 'Neng', 'default.jpg', 0, '2020-03-22 11:45:32', '2020-03-01 00:00:00', 1, 0),
('tehsusi', '001', '$2y$10$k9TfGkl1Q2t8Cvxi3IdUW.3EakeEyIRwyJ2naFcGQ3EzY2orqbj16', '1', 'SUSI RAHMAWATI', 'default.jpg', 0, '2020-03-22 11:25:34', '0000-00-00 00:00:00', 1, 0);

-- --------------------------------------------------------

--
-- Table structure for table `master_utang`
--

CREATE TABLE `master_utang` (
  `id` int(11) NOT NULL,
  `nomor_transaksi` varchar(255) NOT NULL,
  `tanggal_jatuh_tempo` date NOT NULL,
  `total_tagihan` double NOT NULL,
  `total_pembayaran` double NOT NULL,
  `down_payment` double NOT NULL DEFAULT 0,
  `sisa_utang` double NOT NULL DEFAULT 0,
  `tanggal_input` date NOT NULL,
  `user` varchar(255) NOT NULL
) ENGINE=InnoDB DEFAULT CHARSET=latin1;

--
-- Dumping data for table `master_utang`
--

INSERT INTO `master_utang` (`id`, `nomor_transaksi`, `tanggal_jatuh_tempo`, `total_tagihan`, `total_pembayaran`, `down_payment`, `sisa_utang`, `tanggal_input`, `user`) VALUES
(1, '01ad2002000185', '2020-03-30', 73806500, 55184249, 0, 18622251, '2020-02-20', 'admin'),
(2, '02ad2002000184', '2020-03-30', 73806500, 0, 0, 73806500, '2020-03-09', 'admin'),
(3, '03ad2003000002', '2020-04-01', 59100000, 0, 0, 59100000, '2020-03-09', 'admin'),
(4, '041ad2003000003', '2020-04-01', 1650000, 0, 0, 1650000, '2020-03-09', 'admin'),
(5, '05ad2003000010', '2020-04-02', 85100000, 0, 0, 85100000, '2020-03-09', 'admin'),
(6, '06ad2003000017', '2020-04-03', 7992000, 1190000, 0, 6802000, '2020-03-09', 'admin'),
(7, '07ad2003000046', '2020-04-05', 13500000, 0, 0, 13500000, '2020-03-09', 'admin'),
(8, '04ad200300003', '2020-04-01', 47150000, 0, 0, 47150000, '2020-03-09', 'admin'),
(9, '08ad2003000055', '2020-04-06', 17969260, 0, 0, 17969260, '2020-03-09', 'admin'),
(10, '09ad200300017', '2020-04-03', 1190000, 0, 0, 1190000, '2020-03-10', 'admin'),
(11, 'ad2003000069', '2020-04-10', 2793030, 0, 0, 2793030, '2020-03-10', 'admin'),
(12, 'ad2003000076', '2020-04-11', 1877500, 0, 0, 1877500, '2020-03-11', 'admin'),
(13, 'refad2003000069', '2020-04-09', 1170000, 0, 0, 1170000, '2020-03-11', 'admin'),
(14, 'refad2003000055', '2020-04-06', 285000, 0, 0, 285000, '2020-03-11', 'admin'),
(15, 'ad2003000102', '2020-04-14', 16047000, 0, 0, 16047000, '2020-03-14', 'admin'),
(16, 'AD2003000137', '2020-04-19', 2240000, 0, 0, 2240000, '2020-03-19', 'ADMIN'),
(17, 'AD2003000152', '2020-04-22', 9750000, 0, 0, 9750000, '2020-03-22', 'ADMIN');

-- --------------------------------------------------------

--
-- Table structure for table `notif`
--

CREATE TABLE `notif` (
  `id` int(11) NOT NULL,
  `dari` varchar(255) NOT NULL,
  `ke` varchar(255) NOT NULL,
  `pesan` varchar(512) NOT NULL,
  `link` varchar(255) NOT NULL,
  `is_read` int(1) NOT NULL DEFAULT 0,
  `is_deleted` int(1) NOT NULL DEFAULT 0,
  `tanggal` datetime NOT NULL
) ENGINE=InnoDB DEFAULT CHARSET=latin1;

-- --------------------------------------------------------

--
-- Table structure for table `tabel_akses`
--

CREATE TABLE `tabel_akses` (
  `id` int(11) NOT NULL,
  `menu` varchar(255) NOT NULL,
  `akses` int(11) NOT NULL
) ENGINE=InnoDB DEFAULT CHARSET=latin1;

-- --------------------------------------------------------

--
-- Table structure for table `tabel_diskon`
--

CREATE TABLE `tabel_diskon` (
  `id` int(11) NOT NULL,
  `kode_diskon` varchar(15) NOT NULL,
  `potongan` int(11) NOT NULL,
  `jumlah_diskon` int(11) NOT NULL,
  `keterangan` varchar(255) NOT NULL
) ENGINE=InnoDB DEFAULT CHARSET=latin1;

-- --------------------------------------------------------

--
-- Table structure for table `tabel_keranjang_belanja`
--

CREATE TABLE `tabel_keranjang_belanja` (
  `id` int(11) NOT NULL,
  `no_order` varchar(255) NOT NULL,
  `kode_barang` varchar(255) NOT NULL,
  `jumlah_pembelian` double NOT NULL,
  `harga_total` double NOT NULL,
  `status` int(11) NOT NULL,
  `user` int(11) NOT NULL,
  `timestamp` timestamp NOT NULL DEFAULT current_timestamp() ON UPDATE current_timestamp()
) ENGINE=InnoDB DEFAULT CHARSET=latin1;

-- --------------------------------------------------------

--
-- Table structure for table `tabel_menu`
--

CREATE TABLE `tabel_menu` (
  `id` int(11) NOT NULL,
  `nama_menu` varchar(255) NOT NULL,
  `link` varchar(512) NOT NULL,
  `icon` varchar(255) NOT NULL,
  `keterangan` varchar(255) NOT NULL
) ENGINE=InnoDB DEFAULT CHARSET=latin1;

--
-- Dumping data for table `tabel_menu`
--

INSERT INTO `tabel_menu` (`id`, `nama_menu`, `link`, `icon`, `keterangan`) VALUES
(1, 'Penjualan', '#', 'fa fa-cart-arrow-down', 'Kasir'),
(2, 'Pembelian', '#', 'fa fa-cart-plus', 'Admin'),
(3, 'Dashboard', 'dashboard/sales', 'mdi mdi-view-dashboard', 'Sales'),
(4, 'Dashboard', 'dashboard/kasir', 'mdi mdi-view-dashboard', 'Kasir'),
(5, 'Dashboard', 'dashboard/admin', 'mdi mdi-view-dashboard', 'Dashboard Admin'),
(6, 'Dashboard', 'dashboard/supervisor', 'mdi mdi-view-dashboard', 'Dashboard Supervisor'),
(7, 'Dashboard', '#', 'mdi mdi-view-dashboard', 'Dashboard Manager'),
(8, 'Sales', '#', 'fa fa-user-o', 'Sales'),
(9, 'Persediaan', '#', 'fa fa-window-restore', 'Supervisor'),
(10, 'Data', '#', 'fa fa-database', 'Admin'),
(11, 'Pegawai', '#', 'fa fa-users', 'Manajer'),
(12, 'Keuangan', '#', 'fa fa-money', 'Manajer'),
(13, 'Laporan', '#', 'fa fa-file-text', 'Manajer'),
(14, 'Data', '#', 'fa fa-database', 'Kasir'),
(15, 'Keuangan', '#', 'fa fa-money', 'Admin'),
(16, 'Penjualan', '#', 'fa fa-cart-arrow-down', 'Admin'),
(17, 'Persediaan', '#', 'fa fa-window-restore', 'Admin'),
(18, 'Sales', '#', 'fa fa-users', 'Admin'),
(19, 'Pegawai', '#', 'fa fa-users', 'Supervisor'),
(20, 'Settings', 'setting/setting', 'fa fa-gear', 'Manajer'),
(21, 'Transaksi', '#', 'fa fa-money', 'Supervisor'),
(22, 'Data', '#', 'fa fa-database', 'Supervisor'),
(23, 'Transaksi', '#', 'fa fa-cart-arrow-down', 'Manajer'),
(24, 'Keuangan', '#', 'fa fa-money', 'Supervisor'),
(25, 'Keuangan', '', 'fa fa-money', 'Kasir Keuangan');

-- --------------------------------------------------------

--
-- Table structure for table `tabel_perhitungan_order`
--

CREATE TABLE `tabel_perhitungan_order` (
  `no_order` varchar(255) NOT NULL,
  `total_keranjang` double NOT NULL,
  `diskon` double NOT NULL,
  `pajak` double NOT NULL,
  `ongkir` double NOT NULL,
  `grand_total` double NOT NULL,
  `timestamp` timestamp NOT NULL DEFAULT current_timestamp() ON UPDATE current_timestamp()
) ENGINE=InnoDB DEFAULT CHARSET=latin1;

--
-- Dumping data for table `tabel_perhitungan_order`
--

INSERT INTO `tabel_perhitungan_order` (`no_order`, `total_keranjang`, `diskon`, `pajak`, `ongkir`, `grand_total`, `timestamp`) VALUES
('jHJ9CiSd10ZL7Puv', 2240000, 0, 0, 0, 2240000, '2020-03-19 08:37:55'),
('qOTwgcHKfiZN7Quy', 16047000, 0, 0, 0, 16047000, '2020-03-14 07:54:55'),
('wn6ABWJLt21FofmY', 9750000, 0, 0, 0, 9750000, '2020-03-22 03:23:38');

-- --------------------------------------------------------

--
-- Table structure for table `tabel_role`
--

CREATE TABLE `tabel_role` (
  `id` int(11) NOT NULL,
  `nama_role` varchar(255) NOT NULL,
  `menu` varchar(255) NOT NULL
) ENGINE=InnoDB DEFAULT CHARSET=latin1;

--
-- Dumping data for table `tabel_role`
--

INSERT INTO `tabel_role` (`id`, `nama_role`, `menu`) VALUES
(1, 'Kasir', '4,1,14,25'),
(2, 'Admin', '5,16,2,17,15'),
(3, 'Sales', '3,8'),
(4, 'Supervisor', '6,21,9,10,24'),
(5, 'Manager', '7,23,9,12,11,13,20'),
(6, 'Superuser', '1,2,3,4,5,6,7,8,9,10,11,12,13,14,15,16,17,18,19,20');

-- --------------------------------------------------------

--
-- Table structure for table `tabel_submenu`
--

CREATE TABLE `tabel_submenu` (
  `id` int(11) NOT NULL,
  `main_menu` varchar(255) NOT NULL,
  `nama_submenu` varchar(255) NOT NULL,
  `link` varchar(512) NOT NULL,
  `ket` varchar(255) NOT NULL
) ENGINE=InnoDB DEFAULT CHARSET=latin1;

--
-- Dumping data for table `tabel_submenu`
--

INSERT INTO `tabel_submenu` (`id`, `main_menu`, `nama_submenu`, `link`, `ket`) VALUES
(1, '1', 'Transaksi Penjualan', 'manajemen_penjualan/penjualanbarang', 'Kasir Penjualan Barang'),
(2, '1', 'Daftar Transaksi', 'manajemen_penjualan/daftartransaksipenjualan', 'Kasir Daftar Penjualan'),
(5, '16', 'Purchase Order', 'manajemen_penjualan/purchaseorderadmin', 'Admin P.O'),
(6, '16', 'Retur Penjualan', 'manajemen_penjualan/returpenjualan', 'Admin Retur Penjualan'),
(7, '16', 'Daftar Retur Penjualan', 'manajemen_penjualan/returpenjualan/daftar_retur', 'Admin Retur Penjualan Daftar'),
(8, '2', 'Transaksi Pembelian', 'manajemen_pembelian/pembelianbarang', 'Admin Pembelian Barang'),
(9, '2', 'Daftar Transaksi', 'manajemen_pembelian/daftartransaksipembelian', 'Admin Daftar Pembelian Barang'),
(10, '2', 'Retur Pembelian', 'manajemen_pembelian/returpembelian', 'Admin Retur Pembelian'),
(11, '2', 'Daftar Retur Pembelian', 'manajemen_pembelian/returpembelian/daftar_retur', 'Admin Daftar Retur Pembelian'),
(12, '9', 'Master Persediaan', 'manajemen_persediaan/masterpersediaan', 'Supervisor Master Persediaan'),
(13, '9', 'Kartu Persediaan', 'manajemen_persediaan/kartupersediaan', 'Supervisor Kartu Persediaan'),
(14, '17', 'Saldo Awal Persediaan', 'manajemen_persediaan/saldoawalpersediaan', 'Admin Saldo Awal Persediaan'),
(15, '17', 'Stok Opname', 'manajemen_persediaan/stokopname', 'Admin Stok Opname'),
(16, '9', 'Stok Opname', 'manajemen_persediaan/reviewstokopname', 'Supervisor Review Stok Opname'),
(17, '10', 'Master Barang', 'manajemen_barang/masterbarang', 'Admin Master Barang'),
(18, '10', 'Master Satuan Barang', 'manajemen_data/mastersatuan ', 'Admin Satuan Barang'),
(19, '10', 'Master Jenis Barang', 'manajemen_data/masterjenisbarang', 'Admin Jenis Barang'),
(20, '10', 'Master Merek Barang', 'manajemen_data/mastermerekbarang', 'Admin Merek Barang'),
(21, '14', 'Master Pelanggan', 'manajemen_data/masterpelanggan', 'Kasir Master Pelanggan'),
(22, '10', 'Master Supplier', 'manajemen_data/mastersupplier', 'Admin Master Supplier'),
(23, '11', 'Master User', 'manajemen_pegawai/masteruser', 'Manager Master User'),
(24, '11', 'Master Pegawai', 'manajemen_pegawai/masterpegawai', 'Manager Master Pegawai'),
(25, '22', 'Master Barang', 'manajemen_barang/masterbarang', 'Supervisor Data Barang'),
(26, '8', 'Purchase Order', 'manajemen_penjualan/purchaseordersales', 'Sales P.O'),
(27, '8', 'Daftar Purchase Order', 'manajemen_penjualan/purchaseordersales/daftar', 'Sales Daftar P.O'),
(28, '8', 'Insentif', 'manajemen_sales/insentif', 'Sales Insentif Monitor'),
(29, '15', 'Master Piutang', 'manajemen_keuangan/masterpiutang/daftar_piutang', 'Admin Master Piutang'),
(30, '15', 'Master Utang', 'manajemen_keuangan/masterutang/daftar_utang', 'Admin Master Utang'),
(31, '12', 'Insentif Sales', 'manajemen_pegawai/insentifsales', 'Manajer Insentif Sales'),
(32, '21', 'Daftar Transaksi Penjualan', 'manajemen_penjualan/daftartransaksipenjualan', ''),
(33, '21', 'Daftar Transaksi Pembelian', 'manajemen_pembelian/daftartransaksipembelian', ''),
(34, '23', 'Daftar Penjualan', 'manajemen_penjualan/daftartransaksipenjualan', 'Manajer Daftar Transaksi Penjualan'),
(35, '23', 'Daftar Pembelian', 'manajemen_pembelian/daftartransaksipembelian', 'Manajer Daftar Transaksi Pembelian'),
(36, '12', 'Master Utang', '	\r\nmanajemen_keuangan/masterutang/daftar_utang', 'Manajer Master Utang'),
(37, '12', 'Master Piutang', '	\r\nmanajemen_keuangan/masterpiutang/daftar_piutang', 'Manajer Master Piutang'),
(39, '24', 'Master Gaji', 'manajemen_keuangan/mastergaji/', 'Supervisor Master Gaji'),
(40, '24', 'Master Biaya', 'manajemen_keuangan/masterbiaya/', 'Supervisor Master Biaya'),
(41, '10', 'Master Kategori Biaya', 'manajemen_data/masterkategoribiaya', 'Supervisor Kategori Biaya'),
(42, '9', 'Transfer Retur Barang', 'manajemen_persediaan/returpersediaan', 'Supervisor Transfer Retur Barang'),
(43, '13', 'Laporan Laba / Rugi Usaha', 'laporan/laba', 'Manajer Laporan Laba / Rugi'),
(44, '24', 'Master Dana', 'manajemen_keuangan/mastercoh/', 'Supervisor COH'),
(45, '12', 'Master Dana', 'manajemen_keuangan/mastercoh/', 'Manajer Master Kas'),
(46, '25', 'Master Dana', 'manajemen_keuangan/mastercoh/', 'Kasir Master Dana COH');

-- --------------------------------------------------------

--
-- Table structure for table `temp_purchase_order`
--

CREATE TABLE `temp_purchase_order` (
  `id` int(11) NOT NULL,
  `no_order` varchar(255) NOT NULL,
  `kode_barang` varchar(255) NOT NULL,
  `jumlah_penjualan` double NOT NULL,
  `harga_jual` double NOT NULL,
  `diskon` double NOT NULL,
  `total_harga` double NOT NULL,
  `tanggal_input` datetime NOT NULL,
  `user` varchar(255) NOT NULL,
  `status` int(11) NOT NULL DEFAULT 0
) ENGINE=InnoDB DEFAULT CHARSET=latin1;

-- --------------------------------------------------------

--
-- Table structure for table `temp_tabel_keranjang_pembelian`
--

CREATE TABLE `temp_tabel_keranjang_pembelian` (
  `id` int(11) NOT NULL,
  `tanggal_transaksi` datetime NOT NULL,
  `no_order_pembelian` varchar(255) NOT NULL,
  `kode_barang` varchar(255) NOT NULL,
  `jumlah_pembelian` double NOT NULL,
  `harga_beli` double NOT NULL,
  `diskon` double NOT NULL,
  `total_harga` double NOT NULL,
  `tanggal_input` date NOT NULL
) ENGINE=InnoDB DEFAULT CHARSET=latin1;

-- --------------------------------------------------------

--
-- Table structure for table `temp_tabel_keranjang_penjualan`
--

CREATE TABLE `temp_tabel_keranjang_penjualan` (
  `id` int(11) NOT NULL,
  `tanggal_transaksi` datetime NOT NULL,
  `no_order_penjualan` varchar(255) NOT NULL,
  `kode_barang` varchar(255) NOT NULL,
  `jumlah_penjualan` double NOT NULL,
  `harga_jual` double NOT NULL,
  `diskon` double NOT NULL,
  `total_harga` double NOT NULL,
  `status` int(11) NOT NULL DEFAULT 0,
  `user` varchar(255) NOT NULL,
  `is_po` int(1) NOT NULL DEFAULT 0,
  `tanggal_input` timestamp NOT NULL DEFAULT current_timestamp() ON UPDATE current_timestamp()
) ENGINE=InnoDB DEFAULT CHARSET=latin1;

-- --------------------------------------------------------

--
-- Table structure for table `timeline_po`
--

CREATE TABLE `timeline_po` (
  `id` int(11) NOT NULL,
  `no_order` varchar(255) NOT NULL,
  `urutan` int(11) NOT NULL,
  `tanggal` datetime NOT NULL,
  `pesan` text NOT NULL,
  `user` varchar(255) NOT NULL
) ENGINE=InnoDB DEFAULT CHARSET=latin1;

--
-- Indexes for dumped tables
--

--
-- Indexes for table `detail_biaya`
--
ALTER TABLE `detail_biaya`
  ADD PRIMARY KEY (`id`),
  ADD KEY `master_biaya` (`nomor_referensi`);

--
-- Indexes for table `detail_coh`
--
ALTER TABLE `detail_coh`
  ADD PRIMARY KEY (`id`),
  ADD KEY `master_coh` (`nomor_referensi`);

--
-- Indexes for table `detail_detail_stok_opname`
--
ALTER TABLE `detail_detail_stok_opname`
  ADD PRIMARY KEY (`id`);

--
-- Indexes for table `detail_gaji`
--
ALTER TABLE `detail_gaji`
  ADD PRIMARY KEY (`id`),
  ADD KEY `master_gaji` (`nomor_referensi`);

--
-- Indexes for table `detail_pembelian`
--
ALTER TABLE `detail_pembelian`
  ADD PRIMARY KEY (`id`),
  ADD KEY `detail_pembelian` (`nomor_transaksi`);

--
-- Indexes for table `detail_penjualan`
--
ALTER TABLE `detail_penjualan`
  ADD PRIMARY KEY (`id`),
  ADD KEY `penjualan` (`nomor_faktur`),
  ADD KEY `nomor_faktur` (`nomor_faktur`);

--
-- Indexes for table `detail_persediaan`
--
ALTER TABLE `detail_persediaan`
  ADD PRIMARY KEY (`id`);

--
-- Indexes for table `detail_piutang`
--
ALTER TABLE `detail_piutang`
  ADD PRIMARY KEY (`id`),
  ADD KEY `master_piutang` (`nomor_faktur`);

--
-- Indexes for table `detail_retur_barang_pembelian`
--
ALTER TABLE `detail_retur_barang_pembelian`
  ADD PRIMARY KEY (`id`);

--
-- Indexes for table `detail_retur_barang_penjualan`
--
ALTER TABLE `detail_retur_barang_penjualan`
  ADD PRIMARY KEY (`id`);

--
-- Indexes for table `detail_retur_pembelian`
--
ALTER TABLE `detail_retur_pembelian`
  ADD PRIMARY KEY (`id`),
  ADD KEY `retur_master` (`nomor_transaksi`);

--
-- Indexes for table `detail_retur_penjualan`
--
ALTER TABLE `detail_retur_penjualan`
  ADD PRIMARY KEY (`id`),
  ADD KEY `retur_master` (`nomor_faktur`);

--
-- Indexes for table `detail_stok_opname`
--
ALTER TABLE `detail_stok_opname`
  ADD PRIMARY KEY (`id`),
  ADD KEY `stokopname` (`nomor_referensi`);

--
-- Indexes for table `detail_utang`
--
ALTER TABLE `detail_utang`
  ADD PRIMARY KEY (`id`),
  ADD KEY `master_piutang` (`nomor_transaksi`);

--
-- Indexes for table `harga_detail_pembelian`
--
ALTER TABLE `harga_detail_pembelian`
  ADD PRIMARY KEY (`id`);

--
-- Indexes for table `master_barang`
--
ALTER TABLE `master_barang`
  ADD PRIMARY KEY (`kode_barang`),
  ADD KEY `tipe_barang` (`tipe_barang`,`jenis_barang`,`merek_barang`),
  ADD KEY `satuan` (`kode_satuan`),
  ADD KEY `merek_barang_join` (`merek_barang`),
  ADD KEY `jenis_barang_join` (`jenis_barang`),
  ADD KEY `kode_supplier` (`kode_supplier`);

--
-- Indexes for table `master_biaya`
--
ALTER TABLE `master_biaya`
  ADD PRIMARY KEY (`id`),
  ADD UNIQUE KEY `nomor_referensi` (`nomor_referensi`);

--
-- Indexes for table `master_coh`
--
ALTER TABLE `master_coh`
  ADD PRIMARY KEY (`id`),
  ADD UNIQUE KEY `nomor_referensi` (`nomor_referensi`);

--
-- Indexes for table `master_coh_permintaan`
--
ALTER TABLE `master_coh_permintaan`
  ADD PRIMARY KEY (`id`);

--
-- Indexes for table `master_gaji`
--
ALTER TABLE `master_gaji`
  ADD PRIMARY KEY (`id`),
  ADD UNIQUE KEY `nomor_referensi` (`nomor_referensi`),
  ADD KEY `nomor_referensi_2` (`nomor_referensi`);

--
-- Indexes for table `master_harga_pokok_penjualan`
--
ALTER TABLE `master_harga_pokok_penjualan`
  ADD PRIMARY KEY (`id`),
  ADD KEY `nomor_faktur` (`nomor_faktur`);

--
-- Indexes for table `master_insentif`
--
ALTER TABLE `master_insentif`
  ADD PRIMARY KEY (`id`),
  ADD KEY `nomor_faktur` (`nomor_faktur`);

--
-- Indexes for table `master_jenis_barang`
--
ALTER TABLE `master_jenis_barang`
  ADD PRIMARY KEY (`id_jenis_barang`),
  ADD UNIQUE KEY `kode_jenis` (`kode_jenis_barang`);

--
-- Indexes for table `master_kartu_persediaan`
--
ALTER TABLE `master_kartu_persediaan`
  ADD PRIMARY KEY (`id`);

--
-- Indexes for table `master_kategori_biaya`
--
ALTER TABLE `master_kategori_biaya`
  ADD PRIMARY KEY (`id`);

--
-- Indexes for table `master_merek_barang`
--
ALTER TABLE `master_merek_barang`
  ADD PRIMARY KEY (`id_merek_barang`);

--
-- Indexes for table `master_pegawai`
--
ALTER TABLE `master_pegawai`
  ADD PRIMARY KEY (`id`),
  ADD UNIQUE KEY `nip` (`nip`);

--
-- Indexes for table `master_pelanggan`
--
ALTER TABLE `master_pelanggan`
  ADD PRIMARY KEY (`id`),
  ADD UNIQUE KEY `id_pelanggan` (`id_pelanggan`);

--
-- Indexes for table `master_pembelian`
--
ALTER TABLE `master_pembelian`
  ADD PRIMARY KEY (`no_order_pembelian`),
  ADD UNIQUE KEY `nomor_transaksi` (`nomor_transaksi`);

--
-- Indexes for table `master_penjualan`
--
ALTER TABLE `master_penjualan`
  ADD PRIMARY KEY (`id`),
  ADD UNIQUE KEY `no_faktur` (`no_faktur`),
  ADD UNIQUE KEY `no_order_penjualan` (`no_order_penjualan`);

--
-- Indexes for table `master_persediaan`
--
ALTER TABLE `master_persediaan`
  ADD PRIMARY KEY (`id`),
  ADD KEY `kode_barang` (`kode_barang`);

--
-- Indexes for table `master_piutang`
--
ALTER TABLE `master_piutang`
  ADD PRIMARY KEY (`id`),
  ADD UNIQUE KEY `no_faktur` (`no_faktur`),
  ADD KEY `no_faktur_2` (`no_faktur`);

--
-- Indexes for table `master_purchase_order`
--
ALTER TABLE `master_purchase_order`
  ADD PRIMARY KEY (`id`),
  ADD UNIQUE KEY `no_po` (`no_order`);

--
-- Indexes for table `master_retur_pembelian`
--
ALTER TABLE `master_retur_pembelian`
  ADD PRIMARY KEY (`id`),
  ADD UNIQUE KEY `nomor_faktur` (`nomor_transaksi`);

--
-- Indexes for table `master_retur_penjualan`
--
ALTER TABLE `master_retur_penjualan`
  ADD PRIMARY KEY (`id`),
  ADD UNIQUE KEY `nomor_faktur` (`nomor_faktur`);

--
-- Indexes for table `master_saldo_awal`
--
ALTER TABLE `master_saldo_awal`
  ADD PRIMARY KEY (`id`),
  ADD KEY `saldo_awal` (`kode_barang`);

--
-- Indexes for table `master_sales`
--
ALTER TABLE `master_sales`
  ADD PRIMARY KEY (`kode_sales`);

--
-- Indexes for table `master_satuan_barang`
--
ALTER TABLE `master_satuan_barang`
  ADD PRIMARY KEY (`id_satuan`);

--
-- Indexes for table `master_setting`
--
ALTER TABLE `master_setting`
  ADD PRIMARY KEY (`id`);

--
-- Indexes for table `master_stok_opname`
--
ALTER TABLE `master_stok_opname`
  ADD PRIMARY KEY (`id`),
  ADD UNIQUE KEY `nomor_referensi` (`nomor_referensi`);

--
-- Indexes for table `master_supplier`
--
ALTER TABLE `master_supplier`
  ADD PRIMARY KEY (`kode_supplier`);

--
-- Indexes for table `master_tipe_barang`
--
ALTER TABLE `master_tipe_barang`
  ADD PRIMARY KEY (`id_tipe`);

--
-- Indexes for table `master_user`
--
ALTER TABLE `master_user`
  ADD PRIMARY KEY (`username`),
  ADD KEY `nip` (`nip`);

--
-- Indexes for table `master_utang`
--
ALTER TABLE `master_utang`
  ADD PRIMARY KEY (`id`),
  ADD UNIQUE KEY `no_faktur` (`nomor_transaksi`),
  ADD KEY `no_faktur_2` (`nomor_transaksi`);

--
-- Indexes for table `notif`
--
ALTER TABLE `notif`
  ADD PRIMARY KEY (`id`);

--
-- Indexes for table `tabel_akses`
--
ALTER TABLE `tabel_akses`
  ADD PRIMARY KEY (`id`);

--
-- Indexes for table `tabel_diskon`
--
ALTER TABLE `tabel_diskon`
  ADD PRIMARY KEY (`id`);

--
-- Indexes for table `tabel_keranjang_belanja`
--
ALTER TABLE `tabel_keranjang_belanja`
  ADD PRIMARY KEY (`id`),
  ADD KEY `no_order` (`no_order`);

--
-- Indexes for table `tabel_menu`
--
ALTER TABLE `tabel_menu`
  ADD PRIMARY KEY (`id`);

--
-- Indexes for table `tabel_perhitungan_order`
--
ALTER TABLE `tabel_perhitungan_order`
  ADD PRIMARY KEY (`no_order`);

--
-- Indexes for table `tabel_role`
--
ALTER TABLE `tabel_role`
  ADD PRIMARY KEY (`id`);

--
-- Indexes for table `tabel_submenu`
--
ALTER TABLE `tabel_submenu`
  ADD PRIMARY KEY (`id`);

--
-- Indexes for table `temp_purchase_order`
--
ALTER TABLE `temp_purchase_order`
  ADD PRIMARY KEY (`id`),
  ADD KEY `no_order` (`no_order`);

--
-- Indexes for table `temp_tabel_keranjang_pembelian`
--
ALTER TABLE `temp_tabel_keranjang_pembelian`
  ADD PRIMARY KEY (`id`);

--
-- Indexes for table `temp_tabel_keranjang_penjualan`
--
ALTER TABLE `temp_tabel_keranjang_penjualan`
  ADD PRIMARY KEY (`id`);

--
-- Indexes for table `timeline_po`
--
ALTER TABLE `timeline_po`
  ADD PRIMARY KEY (`id`);

--
-- AUTO_INCREMENT for dumped tables
--

--
-- AUTO_INCREMENT for table `detail_biaya`
--
ALTER TABLE `detail_biaya`
  MODIFY `id` int(11) NOT NULL AUTO_INCREMENT, AUTO_INCREMENT=50;

--
-- AUTO_INCREMENT for table `detail_coh`
--
ALTER TABLE `detail_coh`
  MODIFY `id` int(11) NOT NULL AUTO_INCREMENT, AUTO_INCREMENT=28;

--
-- AUTO_INCREMENT for table `detail_detail_stok_opname`
--
ALTER TABLE `detail_detail_stok_opname`
  MODIFY `id` int(11) NOT NULL AUTO_INCREMENT, AUTO_INCREMENT=3;

--
-- AUTO_INCREMENT for table `detail_gaji`
--
ALTER TABLE `detail_gaji`
  MODIFY `id` int(11) NOT NULL AUTO_INCREMENT, AUTO_INCREMENT=79;

--
-- AUTO_INCREMENT for table `detail_pembelian`
--
ALTER TABLE `detail_pembelian`
  MODIFY `id` int(11) NOT NULL AUTO_INCREMENT, AUTO_INCREMENT=124;

--
-- AUTO_INCREMENT for table `detail_penjualan`
--
ALTER TABLE `detail_penjualan`
  MODIFY `id` int(11) NOT NULL AUTO_INCREMENT, AUTO_INCREMENT=184;

--
-- AUTO_INCREMENT for table `detail_persediaan`
--
ALTER TABLE `detail_persediaan`
  MODIFY `id` int(11) NOT NULL AUTO_INCREMENT, AUTO_INCREMENT=106;

--
-- AUTO_INCREMENT for table `detail_piutang`
--
ALTER TABLE `detail_piutang`
  MODIFY `id` int(11) NOT NULL AUTO_INCREMENT, AUTO_INCREMENT=2;

--
-- AUTO_INCREMENT for table `detail_retur_barang_pembelian`
--
ALTER TABLE `detail_retur_barang_pembelian`
  MODIFY `id` int(11) NOT NULL AUTO_INCREMENT;

--
-- AUTO_INCREMENT for table `detail_retur_barang_penjualan`
--
ALTER TABLE `detail_retur_barang_penjualan`
  MODIFY `id` int(11) NOT NULL AUTO_INCREMENT;

--
-- AUTO_INCREMENT for table `detail_retur_pembelian`
--
ALTER TABLE `detail_retur_pembelian`
  MODIFY `id` int(11) NOT NULL AUTO_INCREMENT, AUTO_INCREMENT=14;

--
-- AUTO_INCREMENT for table `detail_retur_penjualan`
--
ALTER TABLE `detail_retur_penjualan`
  MODIFY `id` int(11) NOT NULL AUTO_INCREMENT, AUTO_INCREMENT=8;

--
-- AUTO_INCREMENT for table `detail_stok_opname`
--
ALTER TABLE `detail_stok_opname`
  MODIFY `id` int(11) NOT NULL AUTO_INCREMENT, AUTO_INCREMENT=501;

--
-- AUTO_INCREMENT for table `detail_utang`
--
ALTER TABLE `detail_utang`
  MODIFY `id` int(11) NOT NULL AUTO_INCREMENT, AUTO_INCREMENT=41;

--
-- AUTO_INCREMENT for table `master_biaya`
--
ALTER TABLE `master_biaya`
  MODIFY `id` int(11) NOT NULL AUTO_INCREMENT, AUTO_INCREMENT=48;

--
-- AUTO_INCREMENT for table `master_coh`
--
ALTER TABLE `master_coh`
  MODIFY `id` int(11) NOT NULL AUTO_INCREMENT, AUTO_INCREMENT=17;

--
-- AUTO_INCREMENT for table `master_coh_permintaan`
--
ALTER TABLE `master_coh_permintaan`
  MODIFY `id` int(11) NOT NULL AUTO_INCREMENT, AUTO_INCREMENT=30;

--
-- AUTO_INCREMENT for table `master_gaji`
--
ALTER TABLE `master_gaji`
  MODIFY `id` int(11) NOT NULL AUTO_INCREMENT, AUTO_INCREMENT=23;

--
-- AUTO_INCREMENT for table `master_harga_pokok_penjualan`
--
ALTER TABLE `master_harga_pokok_penjualan`
  MODIFY `id` int(11) NOT NULL AUTO_INCREMENT, AUTO_INCREMENT=146;

--
-- AUTO_INCREMENT for table `master_insentif`
--
ALTER TABLE `master_insentif`
  MODIFY `id` int(11) NOT NULL AUTO_INCREMENT;

--
-- AUTO_INCREMENT for table `master_jenis_barang`
--
ALTER TABLE `master_jenis_barang`
  MODIFY `id_jenis_barang` int(11) NOT NULL AUTO_INCREMENT, AUTO_INCREMENT=25;

--
-- AUTO_INCREMENT for table `master_kategori_biaya`
--
ALTER TABLE `master_kategori_biaya`
  MODIFY `id` int(11) NOT NULL AUTO_INCREMENT, AUTO_INCREMENT=3;

--
-- AUTO_INCREMENT for table `master_merek_barang`
--
ALTER TABLE `master_merek_barang`
  MODIFY `id_merek_barang` int(11) NOT NULL AUTO_INCREMENT, AUTO_INCREMENT=24;

--
-- AUTO_INCREMENT for table `master_pegawai`
--
ALTER TABLE `master_pegawai`
  MODIFY `id` int(11) NOT NULL AUTO_INCREMENT, AUTO_INCREMENT=23;

--
-- AUTO_INCREMENT for table `master_pelanggan`
--
ALTER TABLE `master_pelanggan`
  MODIFY `id` int(11) NOT NULL AUTO_INCREMENT, AUTO_INCREMENT=74;

--
-- AUTO_INCREMENT for table `master_penjualan`
--
ALTER TABLE `master_penjualan`
  MODIFY `id` int(11) NOT NULL AUTO_INCREMENT, AUTO_INCREMENT=74;

--
-- AUTO_INCREMENT for table `master_piutang`
--
ALTER TABLE `master_piutang`
  MODIFY `id` int(11) NOT NULL AUTO_INCREMENT, AUTO_INCREMENT=2;

--
-- AUTO_INCREMENT for table `master_purchase_order`
--
ALTER TABLE `master_purchase_order`
  MODIFY `id` int(11) NOT NULL AUTO_INCREMENT;

--
-- AUTO_INCREMENT for table `master_retur_pembelian`
--
ALTER TABLE `master_retur_pembelian`
  MODIFY `id` int(11) NOT NULL AUTO_INCREMENT, AUTO_INCREMENT=14;

--
-- AUTO_INCREMENT for table `master_retur_penjualan`
--
ALTER TABLE `master_retur_penjualan`
  MODIFY `id` int(11) NOT NULL AUTO_INCREMENT, AUTO_INCREMENT=4;

--
-- AUTO_INCREMENT for table `master_saldo_awal`
--
ALTER TABLE `master_saldo_awal`
  MODIFY `id` int(11) NOT NULL AUTO_INCREMENT;

--
-- AUTO_INCREMENT for table `master_satuan_barang`
--
ALTER TABLE `master_satuan_barang`
  MODIFY `id_satuan` int(11) NOT NULL AUTO_INCREMENT, AUTO_INCREMENT=13;

--
-- AUTO_INCREMENT for table `master_setting`
--
ALTER TABLE `master_setting`
  MODIFY `id` int(11) NOT NULL AUTO_INCREMENT, AUTO_INCREMENT=20;

--
-- AUTO_INCREMENT for table `master_stok_opname`
--
ALTER TABLE `master_stok_opname`
  MODIFY `id` int(11) NOT NULL AUTO_INCREMENT, AUTO_INCREMENT=6;

--
-- AUTO_INCREMENT for table `master_utang`
--
ALTER TABLE `master_utang`
  MODIFY `id` int(11) NOT NULL AUTO_INCREMENT, AUTO_INCREMENT=18;

--
-- AUTO_INCREMENT for table `notif`
--
ALTER TABLE `notif`
  MODIFY `id` int(11) NOT NULL AUTO_INCREMENT;

--
-- AUTO_INCREMENT for table `tabel_akses`
--
ALTER TABLE `tabel_akses`
  MODIFY `id` int(11) NOT NULL AUTO_INCREMENT;

--
-- AUTO_INCREMENT for table `tabel_menu`
--
ALTER TABLE `tabel_menu`
  MODIFY `id` int(11) NOT NULL AUTO_INCREMENT, AUTO_INCREMENT=26;

--
-- AUTO_INCREMENT for table `tabel_role`
--
ALTER TABLE `tabel_role`
  MODIFY `id` int(11) NOT NULL AUTO_INCREMENT, AUTO_INCREMENT=7;

--
-- AUTO_INCREMENT for table `tabel_submenu`
--
ALTER TABLE `tabel_submenu`
  MODIFY `id` int(11) NOT NULL AUTO_INCREMENT, AUTO_INCREMENT=47;

--
-- AUTO_INCREMENT for table `temp_purchase_order`
--
ALTER TABLE `temp_purchase_order`
  MODIFY `id` int(11) NOT NULL AUTO_INCREMENT;

--
-- AUTO_INCREMENT for table `temp_tabel_keranjang_pembelian`
--
ALTER TABLE `temp_tabel_keranjang_pembelian`
  MODIFY `id` int(11) NOT NULL AUTO_INCREMENT, AUTO_INCREMENT=155;

--
-- AUTO_INCREMENT for table `temp_tabel_keranjang_penjualan`
--
ALTER TABLE `temp_tabel_keranjang_penjualan`
  MODIFY `id` int(11) NOT NULL AUTO_INCREMENT, AUTO_INCREMENT=464;

--
-- AUTO_INCREMENT for table `timeline_po`
--
ALTER TABLE `timeline_po`
  MODIFY `id` int(11) NOT NULL AUTO_INCREMENT;

--
-- Constraints for dumped tables
--

--
-- Constraints for table `detail_biaya`
--
ALTER TABLE `detail_biaya`
  ADD CONSTRAINT `master_biaya` FOREIGN KEY (`nomor_referensi`) REFERENCES `master_biaya` (`nomor_referensi`) ON DELETE CASCADE ON UPDATE CASCADE;

--
-- Constraints for table `detail_coh`
--
ALTER TABLE `detail_coh`
  ADD CONSTRAINT `master_coh` FOREIGN KEY (`nomor_referensi`) REFERENCES `master_coh` (`nomor_referensi`) ON DELETE CASCADE ON UPDATE CASCADE;

--
-- Constraints for table `detail_gaji`
--
ALTER TABLE `detail_gaji`
  ADD CONSTRAINT `master_gaji` FOREIGN KEY (`nomor_referensi`) REFERENCES `master_gaji` (`nomor_referensi`) ON DELETE CASCADE ON UPDATE CASCADE;

--
-- Constraints for table `detail_pembelian`
--
ALTER TABLE `detail_pembelian`
  ADD CONSTRAINT `pembelian` FOREIGN KEY (`nomor_transaksi`) REFERENCES `master_pembelian` (`nomor_transaksi`) ON DELETE CASCADE ON UPDATE CASCADE;

--
-- Constraints for table `detail_penjualan`
--
ALTER TABLE `detail_penjualan`
  ADD CONSTRAINT `penjualan` FOREIGN KEY (`nomor_faktur`) REFERENCES `master_penjualan` (`no_faktur`) ON DELETE CASCADE ON UPDATE CASCADE;

--
-- Constraints for table `detail_piutang`
--
ALTER TABLE `detail_piutang`
  ADD CONSTRAINT `master_piutang` FOREIGN KEY (`nomor_faktur`) REFERENCES `master_piutang` (`no_faktur`) ON DELETE CASCADE ON UPDATE CASCADE;

--
-- Constraints for table `detail_retur_pembelian`
--
ALTER TABLE `detail_retur_pembelian`
  ADD CONSTRAINT `master` FOREIGN KEY (`nomor_transaksi`) REFERENCES `master_retur_pembelian` (`nomor_transaksi`) ON DELETE CASCADE ON UPDATE CASCADE;

--
-- Constraints for table `detail_retur_penjualan`
--
ALTER TABLE `detail_retur_penjualan`
  ADD CONSTRAINT `retur_master` FOREIGN KEY (`nomor_faktur`) REFERENCES `master_retur_penjualan` (`nomor_faktur`) ON DELETE CASCADE ON UPDATE CASCADE;

--
-- Constraints for table `detail_stok_opname`
--
ALTER TABLE `detail_stok_opname`
  ADD CONSTRAINT `stokopname` FOREIGN KEY (`nomor_referensi`) REFERENCES `master_stok_opname` (`nomor_referensi`) ON DELETE CASCADE ON UPDATE CASCADE;

--
-- Constraints for table `detail_utang`
--
ALTER TABLE `detail_utang`
  ADD CONSTRAINT `master_utang` FOREIGN KEY (`nomor_transaksi`) REFERENCES `master_utang` (`nomor_transaksi`) ON DELETE CASCADE ON UPDATE CASCADE;

--
-- Constraints for table `master_harga_pokok_penjualan`
--
ALTER TABLE `master_harga_pokok_penjualan`
  ADD CONSTRAINT `hpp` FOREIGN KEY (`nomor_faktur`) REFERENCES `master_penjualan` (`no_faktur`) ON DELETE CASCADE ON UPDATE CASCADE;

--
-- Constraints for table `master_piutang`
--
ALTER TABLE `master_piutang`
  ADD CONSTRAINT `master_penjualan` FOREIGN KEY (`no_faktur`) REFERENCES `master_penjualan` (`no_faktur`) ON DELETE CASCADE ON UPDATE CASCADE;

--
-- Constraints for table `master_saldo_awal`
--
ALTER TABLE `master_saldo_awal`
  ADD CONSTRAINT `saldo_awal` FOREIGN KEY (`kode_barang`) REFERENCES `master_barang` (`kode_barang`) ON DELETE CASCADE ON UPDATE CASCADE;

--
-- Constraints for table `master_user`
--
ALTER TABLE `master_user`
  ADD CONSTRAINT `nip` FOREIGN KEY (`nip`) REFERENCES `master_pegawai` (`nip`) ON DELETE NO ACTION ON UPDATE CASCADE;

--
-- Constraints for table `temp_purchase_order`
--
ALTER TABLE `temp_purchase_order`
  ADD CONSTRAINT `master_po` FOREIGN KEY (`no_order`) REFERENCES `master_purchase_order` (`no_order`) ON DELETE CASCADE ON UPDATE CASCADE;
COMMIT;

/*!40101 SET CHARACTER_SET_CLIENT=@OLD_CHARACTER_SET_CLIENT */;
/*!40101 SET CHARACTER_SET_RESULTS=@OLD_CHARACTER_SET_RESULTS */;
/*!40101 SET COLLATION_CONNECTION=@OLD_COLLATION_CONNECTION */;
